EventTime	Origin	Destination
2019.9562799999999	UNKNOWN	China
2020.4784399999999	UNKNOWN	India
2020.9893599999998	India	Kenya
2020.9971899999998	India	Rwanda
2021.0107899999998	India	South Africa
2021.02811	India	South Africa
2021.0470899999998	India	United Kingdom
2021.0505799999999	India	Italy
2021.06035	India	Botswana
2021.09035	India	Liberia
2021.0987799999998	India	Rwanda
2021.1208299999998	India	Malaysia
2021.1251599999998	India	Turkey
2021.1259599999998	India	Kenya
2021.14293	India	South Africa
2021.14548	India	United Kingdom
2021.1461499999998	India	Malawi
2021.1485799999998	India	South Africa
2021.15161	India	Turkey
2021.16012	India	Senegal
2021.16058	India	USA
2021.1625	India	Spain
2021.16267	India	Kenya
2021.16357	India	Ghana
2021.1665999999998	India	United Kingdom
2021.1673099999998	India	South Africa
2021.1695399999999	India	South Africa
2021.17273	Turkey	South Africa
2021.1743999999999	South Africa	Botswana
2021.1743999999999	India	Uganda
2021.18094	Nigeria	Burkina Faso
2021.1809799999999	Kenya	Zambia
2021.18535	India	Uganda
2021.18922	India	Canada
2021.19128	India	Togo
2021.1918799999999	United Kingdom	Germany
2021.19191	Kenya	Rwanda
2021.19465	Nigeria	Burkina Faso
2021.19471	India	South Africa
2021.2015399999998	India	USA
2021.2054799999999	India	USA
2021.21186	India	Denmark
2021.21749	India	Ghana
2021.2205999999999	South Africa	Ethiopia
2021.22356	India	South Africa
2021.2247599999998	India	United Kingdom
2021.2274599999998	India	Germany
2021.22752	India	Australia
2021.22793	India	Indonesia
2021.22897	India	South Africa
2021.2296	India	Guinea
2021.22967	India	Angola
2021.23192	India	Morocco
2021.2319699999998	Botswana	Egypt
2021.23299	India	Liberia
2021.23498	United Kingdom	South Africa
2021.2388099999998	India	France
2021.2396099999999	India	Mozambique
2021.24136	India	France
2021.2427599999999	India	Ghana
2021.2429399999999	India	Ghana
2021.2439499999998	India	Liberia
2021.2444699999999	India	USA
2021.24464	India	USA
2021.2452999999998	South Africa	Namibia
2021.24723	India	Malawi
2021.2477399999998	India	Spain
2021.2483599999998	India	Democratic Republic of the Congo
2021.2489099999998	India	USA
2021.2492	India	Ghana
2021.2494299999998	Ghana	Togo
2021.24947	India	Sierra Leone
2021.2506799999999	India	Mexico
2021.2519699999998	India	Kenya
2021.2526799999998	India	Seychelles
2021.2538499999998	India	South Africa
2021.25407	Spain	Finland
2021.2545	India	Germany
2021.2549099999999	India	United Kingdom
2021.25623	India	Algeria
2021.25882	India	USA
2021.2595299999998	India	South Africa
2021.26039	Nigeria	Burkina Faso
2021.26265	Liberia	Nigeria
2021.2626899999998	Senegal	France
2021.263	India	United Kingdom
2021.26317	Zambia	Turkey
2021.2632099999998	India	South Africa
2021.2633999999998	France	Democratic Republic of the Congo
2021.26407	India	United Kingdom
2021.26497	India	France
2021.26587	India	USA
2021.26587	India	Angola
2021.2659999999998	India	USA
2021.2675499999998	India	USA
2021.26769	Kenya	Botswana
2021.26775	India	USA
2021.2686199999998	India	United Kingdom
2021.2686199999998	South Africa	India
2021.26874	India	Portugal
2021.2690499999999	India	Gambia
2021.2690599999999	India	USA
2021.2696799999999	India	Seychelles
2021.2710599999998	India	Zimbabwe
2021.27135	India	Germany
2021.27136	India	Ghana
2021.27136	Nigeria	Burkina Faso
2021.2715899999998	India	Denmark
2021.2726799999998	India	Togo
2021.2741099999998	India	United Kingdom
2021.27433	Kenya	USA
2021.27568	India	Burundi
2021.2768299999998	India	Malawi
2021.27684	India	Morocco
2021.27693	South Africa	USA
2021.2783599999998	India	South Africa
2021.27909	Germany	United Kingdom
2021.27909	United Kingdom	USA
2021.27912	India	United Kingdom
2021.27954	India	South Africa
2021.27956	India	USA
2021.27964	India	USA
2021.28062	India	USA
2021.2819	India	Fiji
2021.2828599999998	India	United Kingdom
2021.2835499999999	India	United Kingdom
2021.28497	India	United Kingdom
2021.28505	India	USA
2021.28506	India	Uganda
2021.28507	United Kingdom	Barbados
2021.28531	Kenya	South Africa
2021.2855	India	Kenya
2021.2861899999998	India	Nigeria
2021.28623	India	Nigeria
2021.28631	India	Spain
2021.2864399999999	Kenya	Nigeria
2021.2873	Kenya	Zimbabwe
2021.28758	India	France
2021.2877799999999	India	United Kingdom
2021.2877899999999	India	United Kingdom
2021.2877999999998	India	USA
2021.2877999999998	South Africa	USA
2021.2877999999998	Mozambique	USA
2021.28784	Togo	Ghana
2021.28956	India	South Africa
2021.28957	India	Canada
2021.28994	India	USA
2021.29052	India	Singapore
2021.29053	India	South Sudan
2021.29053	India	Ireland
2021.29209	India	South Korea
2021.2928499999998	Kenya	Botswana
2021.29327	India	USA
2021.2932799999999	India	Malawi
2021.2933699999999	India	United Kingdom
2021.2941799999999	India	Germany
2021.29434	South Africa	United Kingdom
2021.29451	India	Botswana
2021.29503	India	Germany
2021.29523	India	Spain
2021.29532	India	Reunion
2021.2959999999998	India	Kenya
2021.2959999999998	India	Kenya
2021.2959999999998	India	Kenya
2021.2959999999998	India	Kenya
2021.2960099999998	India	Kenya
2021.2960099999998	India	Kenya
2021.2960099999998	India	Kenya
2021.2960099999998	India	Kenya
2021.2960099999998	India	Kenya
2021.2960799999998	India	South Africa
2021.29622	India	Botswana
2021.29684	India	United Kingdom
2021.2969699999999	India	South Africa
2021.29711	India	USA
2021.29928	India	South Africa
2021.2993299999998	India	USA
2021.2994299999998	India	Canada
2021.3003899999999	Ghana	Netherlands
2021.3006899999998	Germany	Finland
2021.30098	India	Ethiopia
2021.3014699999999	India	Belgium
2021.30251	India	Kenya
2021.3027499999998	India	Ghana
2021.3034	Zambia	Kenya
2021.30359	India	South Africa
2021.30405	India	United Kingdom
2021.30423	Germany	United Kingdom
2021.30498	India	Germany
2021.3064499999998	India	Germany
2021.30696	United Kingdom	Angola
2021.30696	India	Spain
2021.3069699999999	India	South Africa
2021.3069699999999	India	Kenya
2021.3069699999999	India	Democratic Republic of the Congo
2021.3069699999999	India	USA
2021.30722	South Africa	Eswatini
2021.3073599999998	India	South Africa
2021.30741	India	Angola
2021.30748	India	USA
2021.3081399999999	Uganda	Botswana
2021.3085899999999	India	Germany
2021.3093199999998	India	Vietnam
2021.30971	India	Angola
2021.30971	India	USA
2021.30971	India	South Africa
2021.30972	India	Indonesia
2021.30981	India	South Africa
2021.3112999999998	India	USA
2021.31244	USA	Japan
2021.31245	USA	Canada
2021.31245	India	South Africa
2021.31245	Uganda	Senegal
2021.3129299999998	India	Sweden
2021.31358	Germany	Sweden
2021.3151799999998	USA	Senegal
2021.3151799999998	India	Canada
2021.31648	India	USA
2021.31791	India	United Kingdom
2021.31793	India	Spain
2021.3182	India	South Africa
2021.32051	India	Canada
2021.32065	Germany	Mauritius
2021.3206699999998	India	South Africa
2021.3206699999998	India	Mauritius
2021.3212999999998	India	South Africa
2021.32133	Zambia	Kenya
2021.32242	Namibia	South Africa
2021.3225499999999	India	Indonesia
2021.3233899999998	India	Canada
2021.32403	India	Ghana
2021.32423	United Kingdom	Portugal
2021.32477	USA	South Africa
2021.32485	Botswana	USA
2021.3258899999998	Turkey	India
2021.32614	India	Thailand
2021.32614	South Africa	Algeria
2021.32614	India	Nepal
2021.32614	India	Algeria
2021.3261499999999	India	Germany
2021.3261499999999	India	Seychelles
2021.3261599999998	India	Ireland
2021.32736	South Africa	Botswana
2021.32747	Zimbabwe	Zambia
2021.3275099999998	India	USA
2021.32765	India	South Africa
2021.3281	India	Spain
2021.32818	India	Nigeria
2021.3288799999998	Kenya	United Kingdom
2021.3290299999999	Zambia	South Africa
2021.32908	India	Denmark
2021.33018	Burundi	Kenya
2021.3304899999998	USA	Zambia
2021.3306699999998	USA	Japan
2021.33123	India	Reunion
2021.33132	Nigeria	Algeria
2021.33161	Ghana	Australia
2021.33162	Uganda	Kenya
2021.33162	India	Singapore
2021.33162	Singapore	South Africa
2021.33163	India	Qatar
2021.33163	India	Ghana
2021.33163	India	Canada
2021.3316399999999	South Africa	Ghana
2021.3316399999999	USA	Italy
2021.3319099999999	Namibia	South Africa
2021.33199	India	South Africa
2021.3320999999999	Zambia	Malawi
2021.3324799999998	South Africa	Egypt
2021.33262	Ghana	Morocco
2021.3327499999998	India	South Africa
2021.3331899999998	India	South Africa
2021.33342	United Kingdom	USA
2021.3341799999998	Kenya	Seychelles
2021.3345499999998	Germany	Finland
2021.33476	South Africa	Botswana
2021.3349099999998	India	Malawi
2021.33628	France	Italy
2021.3366999999998	Germany	Belgium
2021.3370599999998	United Kingdom	Portugal
2021.3371	India	USA
2021.3371	United Kingdom	India
2021.33721	India	Kenya
2021.3383299999998	India	Croatia
2021.3384099999998	South Africa	Botswana
2021.3389599999998	India	Canada
2021.33928	India	Ghana
2021.33937	India	Turkey
2021.33938	India	Burundi
2021.34017	Germany	Russia
2021.3403899999998	South Africa	Belgium
2021.3407699999998	India	USA
2021.3411299999998	Burkina Faso	Nigeria
2021.3416499999998	India	USA
2021.3431999999998	South Africa	Mozambique
2021.3436299999998	India	United Kingdom
2021.3441899999998	India	Canada
2021.3445499999998	USA	Mozambique
2021.34531	Kenya	Zimbabwe
2021.3463	Germany	Israel
2021.34664	South Africa	Turkey
2021.347	Germany	USA
2021.3476899999998	Germany	Israel
2021.34864	India	USA
2021.3494999999998	Zambia	Kenya
2021.3495899999998	Namibia	South Africa
2021.35007	India	USA
2021.35142	Spain	France
2021.3535499999998	India	Liberia
2021.35356	India	Liberia
2021.35359	Turkey	USA
2021.3541899999998	India	Togo
2021.35433	South Africa	Botswana
2021.35483	Portugal	Spain
2021.35522	Ghana	Benin
2021.35559	United Kingdom	South Africa
2021.35629	India	Israel
2021.35629	India	South Sudan
2021.3564399999998	Germany	Denmark
2021.3582099999999	India	USA
2021.3584999999998	Zambia	Kenya
2021.3590199999999	United Kingdom	Canada
2021.3590299999998	India	USA
2021.36068	United Kingdom	Germany
2021.36149	Namibia	South Africa
2021.36176	India	Canada
2021.36177	India	United Kingdom
2021.3626499999998	Germany	Morocco
2021.36276	India	Turkey
2021.3630099999998	South Africa	Botswana
2021.3632599999999	India	USA
2021.3632699999998	South Africa	United Kingdom
2021.3633699999998	India	USA
2021.36339	Uganda	Botswana
2021.36356	United Kingdom	Italy
2021.36368	Germany	USA
2021.3637299999998	Zambia	Kenya
2021.3641699999998	Zambia	South Africa
2021.36449	India	Japan
2021.36449	Liberia	Ghana
2021.36449	South Africa	Ghana
2021.3645	Uganda	Kenya
2021.3650499999999	Denmark	Morocco
2021.36565	India	Germany
2021.3658699999999	Germany	Denmark
2021.3669599999998	India	Germany
2021.3670599999998	Democratic Republic of the Congo	Republic of the Congo
2021.36707	India	Germany
2021.3672399999998	India	Ethiopia
2021.3672399999998	USA	Canada
2021.3672399999998	India	Bangladesh
2021.36728	Uganda	Ghana
2021.36728	Kenya	Zambia
2021.3679499999998	South Africa	Mozambique
2021.36856	Zambia	Zimbabwe
2021.36887	Germany	Sweden
2021.3693799999999	India	Ireland
2021.3696599999998	South Africa	Botswana
2021.3699	Nigeria	Ghana
2021.36997	South Africa	Switzerland
2021.36998	Kenya	Ghana
2021.36999	India	United Kingdom
2021.3701099999998	Zambia	Botswana
2021.37068	India	USA
2021.3717499999998	USA	United Kingdom
2021.3723499999999	South Africa	Botswana
2021.3727	South Africa	Malawi
2021.3727099999999	Liberia	Ghana
2021.3727099999999	Namibia	South Africa
2021.3727199999998	Liberia	Ghana
2021.3727199999998	Uganda	Burundi
2021.3727199999998	Morocco	Malawi
2021.3727299999998	Uganda	Burundi
2021.3727399999998	Democratic Republic of the Congo	Benin
2021.3730699999999	Ghana	Sierra Leone
2021.37315	Spain	France
2021.37504	United Kingdom	Seychelles
2021.37546	Kenya	United Kingdom
2021.37546	USA	India
2021.37546	Zambia	Malawi
2021.37547	South Africa	Nigeria
2021.37547	India	United Kingdom
2021.3762199999999	USA	Uganda
2021.37629	Uganda	South Africa
2021.37689	India	South Africa
2021.3781999999999	Zambia	Malawi
2021.3785699999999	Uganda	Rwanda
2021.37872	South Africa	Germany
2021.37898	India	United Kingdom
2021.37963	Germany	USA
2021.37987	India	South Africa
2021.3800199999998	Uganda	Kenya
2021.3804599999999	India	Botswana
2021.38052	Zimbabwe	South Africa
2021.3807	Sierra Leone	Ghana
2021.38094	India	Austria
2021.3820099999998	Mexico	USA
2021.38312	India	South Africa
2021.3831699999998	Mexico	USA
2021.38367	India	USA
2021.3836999999999	Uganda	Burundi
2021.38419	Uganda	Botswana
2021.38446	Zambia	Kenya
2021.38545	Uganda	Kenya
2021.38564	India	South Africa
2021.3864099999998	India	United Kingdom
2021.3864099999998	Namibia	South Africa
2021.3864099999998	Zambia	Malawi
2021.3864199999998	India	Germany
2021.3864199999998	Gambia	Senegal
2021.3864199999998	Gambia	Senegal
2021.3864199999998	Germany	Russia
2021.3864199999998	Zimbabwe	Malawi
2021.3864199999998	India	Portugal
2021.38666	France	Benin
2021.38729	Namibia	South Africa
2021.3875899999998	India	Ghana
2021.38773	Germany	Russia
2021.3888299999999	Namibia	South Africa
2021.38915	Turkey	South Sudan
2021.38915	India	Qatar
2021.38915	Germany	India
2021.38916	India	Botswana
2021.3892899999998	South Africa	Brazil
2021.38972	India	USA
2021.3897599999998	India	South Africa
2021.38978	Democratic Republic of the Congo	Angola
2021.39004	Germany	Turkey
2021.3904699999998	India	USA
2021.3908	India	France
2021.3914399999999	Zambia	South Africa
2021.3918899999999	India	Zambia
2021.3918999999999	India	Portugal
2021.3919099999998	India	Sweden
2021.3919199999998	India	United Kingdom
2021.3922599999999	India	Nigeria
2021.39249	France	Gambia
2021.3925	India	Botswana
2021.39275	India	Botswana
2021.39391	India	Czech Republic
2021.39392	United Kingdom	Spain
2021.3946199999998	United Kingdom	Portugal
2021.39464	Gambia	Senegal
2021.39464	India	United Kingdom
2021.39464	India	France
2021.3946899999999	United Kingdom	South Africa
2021.3947099999998	Uganda	Kenya
2021.39509	France	Switzerland
2021.3951	Gambia	Senegal
2021.39512	South Africa	Botswana
2021.3951599999998	Uganda	Rwanda
2021.39554	South Africa	Brazil
2021.3962399999998	United Kingdom	Denmark
2021.3963899999999	Germany	Netherlands
2021.39737	India	Sweden
2021.39737	Indonesia	Hong Kong
2021.3973899999999	India	Zambia
2021.3973899999999	Democratic Republic of the Congo	Senegal
2021.3973999999998	South Africa	Zambia
2021.3973999999998	United Kingdom	Portugal
2021.3984699999999	Reunion	Brazil
2021.39927	Germany	Spain
2021.4000999999998	USA	United Kingdom
2021.4001099999998	Kenya	Uganda
2021.40012	India	Malawi
2021.40015	South Africa	Zambia
2021.4002799999998	Mexico	USA
2021.4005599999998	Namibia	South Africa
2021.4008099999999	Namibia	South Africa
2021.4017399999998	Kenya	Zambia
2021.4020899999998	Sweden	Finland
2021.40231	India	Spain
2021.40249	India	South Africa
2021.40249	South Africa	United Kingdom
2021.40257	Kenya	South Africa
2021.40286	India	South Africa
2021.40286	India	South Africa
2021.40286	India	United Kingdom
2021.40286	South Africa	Namibia
2021.40286	Mexico	USA
2021.40286	Uganda	South Sudan
2021.40286	Uganda	South Africa
2021.40286	Uganda	South Sudan
2021.40287	South Africa	Italy
2021.4028799999999	Democratic Republic of the Congo	Benin
2021.40292	Uganda	Kenya
2021.4031	India	Ethiopia
2021.4045099999998	Uganda	Denmark
2021.40519	Mozambique	Austria
2021.4055899999998	Kenya	Uganda
2021.4055999999998	United Kingdom	South Africa
2021.4055999999998	India	South Africa
2021.4055999999998	Algeria	Switzerland
2021.4056099999998	India	USA
2021.40589	Namibia	South Africa
2021.4059499999998	South Africa	Malawi
2021.4064899999998	Uganda	Rwanda
2021.40707	Namibia	Angola
2021.4076499999999	Croatia	Slovenia
2021.40788	Uganda	Rwanda
2021.40833	Namibia	South Africa
2021.40834	India	Bangladesh
2021.40834	India	Germany
2021.40834	South Africa	Namibia
2021.40834	Germany	Russia
2021.40888	South Africa	Eswatini
2021.40962	Zambia	South Africa
2021.4105	India	USA
2021.4106499999998	India	Japan
2021.4110799999999	Namibia	Austria
2021.4110799999999	Uganda	South Sudan
2021.4110899999998	India	Uganda
2021.4110899999998	United Kingdom	Mauritius
2021.41112	Zambia	Kenya
2021.4124499999998	France	Reunion
2021.41259	Zambia	Zimbabwe
2021.4127899999999	Namibia	South Africa
2021.4128699999999	United Kingdom	Sweden
2021.41372	United Kingdom	South Africa
2021.41381	Namibia	South Africa
2021.41382	Rwanda	Pakistan
2021.41382	Liberia	USA
2021.41382	Botswana	Uganda
2021.41382	Botswana	Uganda
2021.41449	United Kingdom	South Africa
2021.4145199999998	India	Spain
2021.4145899999999	United Kingdom	Portugal
2021.41462	Uganda	South Sudan
2021.41462	India	Ethiopia
2021.41465	United Kingdom	Germany
2021.41484	United Kingdom	France
2021.41539	South Africa	Zimbabwe
2021.41645	United Kingdom	South Africa
2021.41655	Kenya	India
2021.41655	India	Russia
2021.41655	India	Uganda
2021.41656	India	Japan
2021.41656	USA	India
2021.41656	Germany	Russia
2021.41656	Germany	Russia
2021.417	India	Kenya
2021.41709	United Kingdom	Spain
2021.41746	United Kingdom	France
2021.4176	South Africa	Botswana
2021.41807	Namibia	South Africa
2021.41824	India	France
2021.41825	Croatia	Germany
2021.4184799999998	Uganda	Botswana
2021.4184899999998	Namibia	South Africa
2021.4190099999998	India	Germany
2021.4192999999998	Netherlands	Belgium
2021.41931	Uganda	Kenya
2021.4197499999998	Liberia	Togo
2021.42049	Indonesia	Singapore
2021.42078	India	Togo
2021.42165	France	Morocco
2021.4219999999998	Uganda	Kenya
2021.42203	South Africa	Uganda
2021.42203	India	United Kingdom
2021.42203	Togo	Benin
2021.42204	Netherlands	Germany
2021.42204	Namibia	South Africa
2021.42204	Uganda	Democratic Republic of the Congo
2021.42205	Democratic Republic of the Congo	Togo
2021.42205	Democratic Republic of the Congo	Belgium
2021.42205	United Kingdom	Italy
2021.4220799999998	Uganda	Democratic Republic of the Congo
2021.4221599999998	Spain	Germany
2021.42229	Namibia	South Africa
2021.42257	United Kingdom	Germany
2021.42303	Uganda	South Africa
2021.4230799999998	Denmark	Italy
2021.42311	USA	Israel
2021.4247599999999	Portugal	Austria
2021.4247599999999	India	USA
2021.4247699999999	India	South Africa
2021.4247699999999	South Africa	Namibia
2021.4247699999999	South Africa	Namibia
2021.4247699999999	India	Botswana
2021.4247699999999	United Kingdom	Uganda
2021.4247799999998	India	Canada
2021.4247799999998	Namibia	South Africa
2021.4247799999998	Botswana	Uganda
2021.4247799999998	Uganda	Rwanda
2021.4247899999998	India	United Arab Emirates
2021.4247899999998	Germany	Austria
2021.4247899999998	Democratic Republic of the Congo	France
2021.42481	South Africa	Botswana
2021.42483	United Kingdom	Germany
2021.42501	United Kingdom	Denmark
2021.42617	Uganda	South Africa
2021.42626	United Kingdom	Botswana
2021.42663	India	USA
2021.42726	Uganda	Kenya
2021.42741	Senegal	Togo
2021.4274899999998	Togo	Ghana
2021.42751	India	United Kingdom
2021.42751	South Africa	Malawi
2021.42752	USA	Botswana
2021.42754	South Africa	India
2021.4275499999999	Democratic Republic of the Congo	France
2021.42771	Ghana	Egypt
2021.4279199999999	Senegal	Gambia
2021.4282799999999	South Africa	Zimbabwe
2021.4294599999998	Germany	Poland
2021.4297299999998	Spain	Israel
2021.4298299999998	United Kingdom	Lithuania
2021.43006	Kenya	Zambia
2021.43025	Uganda	South Sudan
2021.4302599999999	South Africa	Mauritius
2021.4302599999999	Uganda	South Africa
2021.4302599999999	Uganda	Democratic Republic of the Congo
2021.4302699999998	Botswana	South Africa
2021.4302699999998	Democratic Republic of the Congo	Benin
2021.4302799999998	Democratic Republic of the Congo	Benin
2021.4303	South Africa	Mauritius
2021.4304	Zambia	Kenya
2021.43067	United Kingdom	Benin
2021.43086	France	Germany
2021.43123	Togo	Ghana
2021.43164	Germany	Belgium
2021.43165	Spain	France
2021.43212	Kenya	France
2021.43212	France	Spain
2021.43219	Denmark	Germany
2021.43222	Uganda	USA
2021.4323499999998	Spain	Denmark
2021.4324	Uganda	Burundi
2021.43248	India	Germany
2021.43259	USA	Australia
2021.4329799999998	Kenya	India
2021.4329799999998	Germany	Finland
2021.4329799999998	USA	Canada
2021.4329799999998	India	Malawi
2021.4329799999998	Germany	Turkey
2021.4329799999998	India	Kenya
2021.4329899999998	India	United Kingdom
2021.4329899999998	Uganda	South Sudan
2021.4329899999998	Uganda	Democratic Republic of the Congo
2021.4329899999998	Kenya	Botswana
2021.4329899999998	Turkey	South Africa
2021.433	India	Malawi
2021.433	Uganda	Kenya
2021.433	Uganda	South Sudan
2021.43301	Uganda	Kenya
2021.43301	Uganda	Rwanda
2021.43301	Uganda	South Sudan
2021.4340699999998	Spain	Germany
2021.43501	USA	Mexico
2021.4353199999998	Zambia	Botswana
2021.43574	India	Norway
2021.43574	Germany	USA
2021.4357499999999	Democratic Republic of the Congo	Germany
2021.4357499999999	Germany	Russia
2021.4357499999999	Germany	Switzerland
2021.4362299999998	Nigeria	Morocco
2021.43627	Uganda	Kenya
2021.4366499999999	Zambia	Kenya
2021.4370299999998	France	Germany
2021.4370399999998	Ethiopia	United Kingdom
2021.43732	Liberia	USA
2021.43745	South Africa	Mozambique
2021.4378499999998	Zambia	Botswana
2021.4379	Zimbabwe	South Africa
2021.43798	South Africa	Eswatini
2021.4384599999998	Portugal	Angola
2021.4384799999998	USA	Ghana
2021.43849	India	Mauritius
2021.4393699999998	Zambia	Malawi
2021.4395499999998	India	Burundi
2021.4396499999998	Namibia	South Africa
2021.4399999999998	Uganda	United Kingdom
2021.44022	India	Turkey
2021.44121	Germany	USA
2021.44121	United Kingdom	Bulgaria
2021.44122	Uganda	Democratic Republic of the Congo
2021.44123	United Kingdom	Ireland
2021.4421	France	Spain
2021.44372	Uganda	USA
2021.44384	United Kingdom	Portugal
2021.4439399999999	Zimbabwe	South Africa
2021.4439499999999	United Kingdom	Spain
2021.4439499999999	Indonesia	South Korea
2021.4439499999999	Namibia	South Africa
2021.4439499999999	Nigeria	Rwanda
2021.4439599999998	Uganda	Rwanda
2021.4439699999998	South Africa	Spain
2021.4439699999998	Sweden	Malawi
2021.4439699999998	Rwanda	South Sudan
2021.44398	Uganda	Germany
2021.44398	Zambia	Kenya
2021.44399	Uganda	Eswatini
2021.44426	India	South Africa
2021.44426	France	Germany
2021.44437	Spain	Germany
2021.4446599999999	Uganda	Kenya
2021.44489	Morocco	Belgium
2021.4450499999998	France	Germany
2021.44506	United Kingdom	Germany
2021.44508	Senegal	Gambia
2021.44517	Germany	Lithuania
2021.4452199999998	Germany	United Kingdom
2021.4453199999998	France	Denmark
2021.44668	India	Botswana
2021.44669	India	Kenya
2021.44669	India	Ghana
2021.44669	Botswana	Finland
2021.44669	India	Botswana
2021.44669	Uganda	South Africa
2021.44669	Germany	Ghana
2021.4467	South Africa	Botswana
2021.4467	Kenya	South Sudan
2021.4467	Zimbabwe	Algeria
2021.44671	Republic of the Congo	Ghana
2021.44672	South Africa	Eswatini
2021.44715	South Africa	Mauritius
2021.44722	Kenya	Burundi
2021.4472799999999	Namibia	South Africa
2021.44842	Germany	Italy
2021.4488099999999	Uganda	Germany
2021.4489299999998	Portugal	Spain
2021.4489899999999	Germany	Netherlands
2021.44921	United Kingdom	Netherlands
2021.44934	Uganda	Kenya
2021.44941	United Kingdom	Ireland
2021.44942	India	South Africa
2021.44942	United Kingdom	South Africa
2021.44943	Indonesia	France
2021.44943	Zimbabwe	South Africa
2021.44943	Russia	Finland
2021.44943	South Africa	Mauritius
2021.44943	South Africa	Mauritius
2021.44943	Kenya	South Africa
2021.44943	India	South Africa
2021.4494399999999	India	Uganda
2021.4494399999999	India	Germany
2021.4494399999999	India	United Kingdom
2021.4494399999999	South Africa	Mauritius
2021.4494399999999	Uganda	Rwanda
2021.4494499999998	United Kingdom	Ireland
2021.4494599999998	United Kingdom	Ireland
2021.4497299999998	India	France
2021.44978	France	Denmark
2021.4497999999999	Zambia	USA
2021.45023	Germany	France
2021.45047	France	Germany
2021.45058	Germany	Switzerland
2021.45078	Gambia	Brazil
2021.4509899999998	Germany	Russia
2021.45101	United Kingdom	Denmark
2021.45114	South Africa	USA
2021.4513	South Africa	Mozambique
2021.45131	Malawi	Mozambique
2021.4513599999998	United Kingdom	USA
2021.45141	Zambia	South Africa
2021.4517999999998	Zambia	Zimbabwe
2021.4519699999998	Denmark	Germany
2021.4520599999998	Germany	Italy
2021.4521599999998	Germany	Denmark
2021.4521699999998	India	South Africa
2021.4521699999998	Germany	Uzbekistan
2021.4521699999998	India	Botswana
2021.4521699999998	India	Spain
2021.45218	Spain	Switzerland
2021.45218	Malawi	South Africa
2021.45218	Germany	Netherlands
2021.45218	India	Russia
2021.45218	South Africa	Botswana
2021.45219	Democratic Republic of the Congo	France
2021.45219	Sweden	South Korea
2021.45219	Sweden	Finland
2021.4522	South Africa	Eswatini
2021.45222	South Africa	Eswatini
2021.45264	Zambia	USA
2021.45326	India	Turkey
2021.45329	Uganda	USA
2021.4533099999999	France	Netherlands
2021.4534999999998	South Africa	Burundi
2021.4535199999998	Kenya	Rwanda
2021.4540499999998	United Kingdom	Italy
2021.4547599999999	Spain	Switzerland
2021.45489	South Africa	United Kingdom
2021.45489	United Kingdom	Belgium
2021.4549	South Africa	Eswatini
2021.4549	South Africa	Mauritius
2021.4549	Germany	New Zealand
2021.4549	Germany	Slovenia
2021.4549	United Kingdom	Botswana
2021.45491	United Kingdom	Belgium
2021.45491	India	Bahrain
2021.45492	Ghana	Bahrain
2021.45492	South Africa	Botswana
2021.45492	Germany	Slovenia
2021.45492	USA	Eswatini
2021.45492	Zambia	Angola
2021.4549299999999	Democratic Republic of the Congo	Republic of the Congo
2021.4549299999999	Democratic Republic of the Congo	Republic of the Congo
2021.4549599999998	South Africa	Eswatini
2021.45536	Uganda	USA
2021.45636	France	Netherlands
2021.4563699999999	France	Denmark
2021.4565499999999	India	Denmark
2021.45668	Kenya	Zimbabwe
2021.4571899999999	Zambia	Eswatini
2021.45758	Uganda	Kenya
2021.4576399999999	Turkey	South Africa
2021.4576499999998	Spain	Italy
2021.45767	Germany	Denmark
2021.45769	South Africa	Botswana
2021.4577	South Africa	Eswatini
2021.45771	Germany	Italy
2021.45776	United Kingdom	Kenya
2021.4579199999998	India	USA
2021.4581799999999	India	United Kingdom
2021.45849	South Africa	Namibia
2021.45879	India	USA
2021.4588999999999	Germany	United Kingdom
2021.4593699999998	United Kingdom	Italy
2021.45975	South Africa	Denmark
2021.46021	Benin	Gambia
2021.46029	United Kingdom	Denmark
2021.46037	Denmark	Israel
2021.46038	USA	Mexico
2021.46038	Indonesia	France
2021.46038	Germany	Denmark
2021.46039	India	Turkey
2021.46039	Turkey	United Kingdom
2021.46039	Germany	USA
2021.46039	Uganda	United Kingdom
2021.46039	Kenya	South Africa
2021.4604	India	Kuwait
2021.4604	Gambia	Benin
2021.4604	France	Denmark
2021.4604	Zambia	Kenya
2021.46041	Zambia	Kenya
2021.4604199999999	South Africa	Eswatini
2021.46066	India	Nigeria
2021.46067	Senegal	France
2021.4608699999999	Morocco	Netherlands
2021.46093	Canada	USA
2021.46119	Denmark	Spain
2021.46146	India	USA
2021.46163	South Africa	Ethiopia
2021.46194	Germany	France
2021.46231	United Kingdom	Spain
2021.4625199999998	France	Germany
2021.46275	United Kingdom	Ireland
2021.46312	South Africa	Zimbabwe
2021.46312	Germany	United Kingdom
2021.4631299999999	Spain	United Kingdom
2021.4631299999999	Kenya	Zimbabwe
2021.4631299999999	Germany	Italy
2021.4631399999998	Netherlands	Germany
2021.4631399999998	Germany	Israel
2021.4631399999998	Mauritius	South Africa
2021.4631399999998	Uganda	South Sudan
2021.4631399999998	Uganda	Kenya
2021.4631499999998	Democratic Republic of the Congo	Portugal
2021.4631499999998	South Africa	Eswatini
2021.46456	Germany	Turkey
2021.465	Germany	Netherlands
2021.4651999999999	Sweden	Netherlands
2021.4658299999999	Germany	France
2021.4658599999998	Germany	Croatia
2021.4658599999998	Portugal	Belgium
2021.46587	India	Italy
2021.46587	Rwanda	Kenya
2021.46587	India	Kenya
2021.46587	Kenya	Benin
2021.46587	India	Belize
2021.46587	India	Nigeria
2021.46587	Namibia	South Africa
2021.46587	Uganda	South Sudan
2021.46587	Italy	Austria
2021.46588	Germany	Sweden
2021.46588	Germany	Austria
2021.46588	Denmark	Netherlands
2021.46588	France	Algeria
2021.46588	Mozambique	Benin
2021.46589	South Africa	Eswatini
2021.4659	South Africa	Eswatini
2021.46598	United Kingdom	Turkey
2021.46627	Germany	USA
2021.46642	India	USA
2021.46713	Zambia	Zimbabwe
2021.46731	Denmark	Sweden
2021.46751	Spain	Denmark
2021.46767	South Africa	Ethiopia
2021.46831	Spain	Denmark
2021.4686	South Africa	Eswatini
2021.4686	Liberia	Ghana
2021.4686	India	Bangladesh
2021.4686	France	Spain
2021.46861	Ghana	United Kingdom
2021.46861	United Kingdom	Mauritius
2021.46861	France	Netherlands
2021.46861	Uganda	South Africa
2021.46861	USA	South Africa
2021.46861	India	Benin
2021.4686199999999	South Africa	Eswatini
2021.4686199999999	Germany	Estonia
2021.4686299999998	Democratic Republic of the Congo	Belgium
2021.4686299999998	South Africa	Eswatini
2021.4686299999998	South Africa	Eswatini
2021.4686399999998	South Africa	Eswatini
2021.4686399999998	South Africa	Eswatini
2021.4686399999998	South Africa	Eswatini
2021.4686499999998	Kenya	Zambia
2021.4692	Australia	USA
2021.4695299999998	Spain	Germany
2021.4696399999998	USA	Canada
2021.47023	India	Netherlands
2021.4705199999999	USA	South Africa
2021.47131	France	Spain
2021.4713299999999	Denmark	Sweden
2021.4713299999999	United Kingdom	USA
2021.4713399999998	South Africa	Eswatini
2021.4713399999998	Germany	Turkey
2021.4713499999998	Uganda	Kenya
2021.47136	Germany	Austria
2021.47136	France	Switzerland
2021.47137	South Africa	Eswatini
2021.47137	Mozambique	South Africa
2021.47138	South Africa	Kenya
2021.47138	United Kingdom	Ireland
2021.47139	South Africa	Eswatini
2021.4714	South Africa	Eswatini
2021.4715199999998	Liberia	France
2021.4716899999999	India	Angola
2021.4716999999998	France	United Kingdom
2021.47201	France	Belgium
2021.47266	France	Spain
2021.47282	Zambia	Kenya
2021.47298	Germany	Netherlands
2021.47307	Austria	Switzerland
2021.4732399999998	Germany	France
2021.4733299999998	Russia	Estonia
2021.47408	United Kingdom	Denmark
2021.47408	France	Netherlands
2021.47408	United Kingdom	Spain
2021.47409	France	Benin
2021.4741	Democratic Republic of the Congo	Republic of the Congo
2021.4741	Liberia	USA
2021.4741	Germany	Russia
2021.4741099999999	South Africa	Eswatini
2021.4741099999999	South Africa	Eswatini
2021.4741199999999	Democratic Republic of the Congo	Republic of the Congo
2021.4741399999998	South Africa	Eswatini
2021.47415	South Africa	Eswatini
2021.4752799999999	Australia	USA
2021.47535	Namibia	South Africa
2021.4753799999999	Senegal	Germany
2021.4754599999999	Spain	Italy
2021.47553	India	South Africa
2021.47596	USA	Norway
2021.4762999999998	Netherlands	Ireland
2021.47679	Germany	Portugal
2021.47681	United Kingdom	Angola
2021.4768199999999	South Africa	Angola
2021.4768199999999	Mexico	USA
2021.4768199999999	France	United Kingdom
2021.4768199999999	France	Switzerland
2021.4768199999999	Portugal	Angola
2021.4768299999998	Germany	Spain
2021.4768299999998	Namibia	Zambia
2021.4768299999998	Kenya	Rwanda
2021.4768299999998	Portugal	Germany
2021.4768299999998	Germany	Israel
2021.4768399999998	South Africa	Eswatini
2021.4768399999998	India	Portugal
2021.47686	South Africa	Eswatini
2021.47689	South Africa	Eswatini
2021.4772699999999	Switzerland	Germany
2021.4772899999998	Togo	Ghana
2021.47743	South Africa	South Sudan
2021.47759	Canada	USA
2021.47759	USA	Canada
2021.4780099999998	India	United Kingdom
2021.47838	France	Spain
2021.4792699999998	Germany	Sweden
2021.4795399999998	Germany	France
2021.4795499999998	Portugal	Spain
2021.47956	Kenya	South Sudan
2021.47956	Netherlands	Austria
2021.47956	Denmark	Spain
2021.47956	Kenya	Zimbabwe
2021.47957	India	Germany
2021.47957	South Africa	Eswatini
2021.47957	South Africa	Bangladesh
2021.47957	Senegal	Benin
2021.47957	India	Kuwait
2021.47958	USA	Zambia
2021.47958	Togo	Benin
2021.47959	South Africa	Eswatini
2021.47959	Zambia	Kenya
2021.47959	South Africa	Zambia
2021.4796	United Kingdom	Netherlands
2021.4796099999999	Kenya	Zambia
2021.4796099999999	United Kingdom	USA
2021.4796299999998	France	Denmark
2021.4802599999998	Netherlands	Germany
2021.4806099999998	Germany	Italy
2021.4806999999998	Denmark	Germany
2021.4807799999999	Sweden	Iceland
2021.4815099999998	Germany	Denmark
2021.48183	United Kingdom	Czech Republic
2021.48228	South Africa	United Kingdom
2021.48228	United Kingdom	Denmark
2021.48229	United Kingdom	Spain
2021.48229	United Kingdom	Ireland
2021.4823	Namibia	Angola
2021.4823	Germany	Poland
2021.4823099999999	Spain	France
2021.4823099999999	Namibia	Angola
2021.4823099999999	Namibia	Angola
2021.4823099999999	South Africa	Angola
2021.4823099999999	Germany	Russia
2021.4823099999999	Nigeria	Ghana
2021.4823099999999	India	USA
2021.4823099999999	Denmark	France
2021.4823199999998	Namibia	Angola
2021.4823199999998	Germany	Russia
2021.4823199999998	Germany	Russia
2021.4823199999998	United Kingdom	Russia
2021.4823199999998	Denmark	Rwanda
2021.4823199999998	Uganda	South Sudan
2021.4823199999998	France	Ireland
2021.4823199999998	France	Spain
2021.4823399999998	Zambia	Kenya
2021.48253	Zambia	South Africa
2021.48256	Croatia	Germany
2021.4828799999998	United Kingdom	Ireland
2021.48325	Mozambique	South Africa
2021.4835699999999	Sweden	Germany
2021.4838699999998	France	Reunion
2021.48391	Netherlands	France
2021.48464	Kenya	South Africa
2021.4846699999998	Namibia	South Africa
2021.48491	France	Germany
2021.4850199999998	South Africa	United Kingdom
2021.4850399999998	South Africa	Mozambique
2021.4850399999998	Namibia	South Africa
2021.4850399999998	USA	India
2021.4850399999998	France	Denmark
2021.4850399999998	India	Kenya
2021.48505	Spain	France
2021.48505	Uganda	Kenya
2021.48506	France	Canada
2021.48506	France	Luxembourg
2021.48506	Netherlands	United Kingdom
2021.48507	South Africa	Eswatini
2021.48507	Zambia	Kenya
2021.48507	United Kingdom	Ireland
2021.48508	Kenya	Zambia
2021.48509	South Africa	Eswatini
2021.48509	South Africa	Eswatini
2021.48509	South Africa	Rwanda
2021.48559	France	Netherlands
2021.48563	United Kingdom	USA
2021.48571	India	Ghana
2021.48598	United Kingdom	Portugal
2021.4865499999999	Uganda	Kenya
2021.4868299999998	Kenya	Botswana
2021.48777	Germany	Turkey
2021.48777	France	Germany
2021.48778	Indonesia	France
2021.48778	South Africa	Eswatini
2021.48778	France	Slovenia
2021.48778	Germany	Spain
2021.48779	South Africa	Eswatini
2021.48779	Netherlands	Belgium
2021.48779	South Africa	Eswatini
2021.48779	Namibia	South Africa
2021.48779	Namibia	Angola
2021.48779	India	USA
2021.4877999999999	South Africa	Eswatini
2021.4877999999999	Mozambique	India
2021.4877999999999	Germany	Switzerland
2021.4878099999999	South Africa	Italy
2021.4878099999999	South Africa	Eswatini
2021.4878099999999	South Africa	Eswatini
2021.4878199999998	Kenya	Zambia
2021.48784	South Africa	Eswatini
2021.4879899999999	France	Denmark
2021.48937	India	Zimbabwe
2021.4899599999999	India	Zimbabwe
2021.49001	France	Reunion
2021.49029	India	South Africa
2021.4904999999999	South Africa	Mozambique
2021.4905099999999	South Africa	United Kingdom
2021.4905099999999	France	Austria
2021.4905099999999	France	Italy
2021.4905099999999	United Kingdom	Italy
2021.4905199999998	United Kingdom	South Africa
2021.4905199999998	Germany	USA
2021.4905199999998	Germany	USA
2021.4905299999998	Ghana	Mozambique
2021.4905299999998	South Africa	Namibia
2021.4905299999998	Germany	Croatia
2021.4905299999998	Spain	France
2021.4905299999998	Germany	Switzerland
2021.49054	Spain	Netherlands
2021.49054	India	Mozambique
2021.49054	South Africa	Namibia
2021.49054	Sweden	Denmark
2021.49054	France	Ghana
2021.49054	France	Austria
2021.49054	Germany	Ghana
2021.49054	Germany	Ghana
2021.49055	Morocco	Gambia
2021.49056	South Africa	Namibia
2021.4927599999999	Spain	France
2021.49325	Kenya	USA
2021.49325	Netherlands	Denmark
2021.49326	Portugal	Angola
2021.49326	Indonesia	India
2021.49326	Indonesia	Japan
2021.49326	USA	South Africa
2021.49326	Germany	Czech Republic
2021.49327	South Africa	Angola
2021.49327	South Africa	Namibia
2021.49327	France	Czech Republic
2021.49327	United Kingdom	Norway
2021.49328	South Africa	Eswatini
2021.49328	France	Sweden
2021.49328	Netherlands	Denmark
2021.49329	Eswatini	South Africa
2021.49334	France	Republic of the Congo
2021.49362	Germany	Switzerland
2021.4939	USA	Mexico
2021.4939	Senegal	Brazil
2021.4940299999998	Uganda	Rwanda
2021.49417	Germany	Italy
2021.49432	Netherlands	United Kingdom
2021.49445	India	Germany
2021.4950199999998	USA	Canada
2021.49599	France	Belgium
2021.4959999999999	Angola	Zimbabwe
2021.4959999999999	India	Zimbabwe
2021.4960099999998	Spain	Italy
2021.4960099999998	India	Bangladesh
2021.4960099999998	India	Zimbabwe
2021.4960099999998	South Africa	Zimbabwe
2021.4960099999998	Germany	Netherlands
2021.4960099999998	Zimbabwe	South Africa
2021.4960199999998	South Africa	Zimbabwe
2021.4960199999998	Namibia	Angola
2021.4960199999998	Mozambique	South Africa
2021.4960199999998	Mexico	USA
2021.4960199999998	France	Denmark
2021.4960299999998	South Africa	Zimbabwe
2021.4960299999998	Zambia	Zimbabwe
2021.49604	United Kingdom	USA
2021.4961099999998	South Africa	Zimbabwe
2021.49635	Germany	Norway
2021.4968099999999	Australia	USA
2021.4968199999998	Germany	Netherlands
2021.49766	Germany	Netherlands
2021.49803	Germany	United Kingdom
2021.4984399999998	United Kingdom	Germany
2021.4987299999998	India	Ghana
2021.49874	India	South Africa
2021.49874	Kenya	Sweden
2021.49874	India	Germany
2021.49874	South Africa	USA
2021.49874	South Africa	Namibia
2021.49874	Namibia	South Africa
2021.49874	Namibia	Portugal
2021.49874	France	Switzerland
2021.49874	Germany	Lithuania
2021.49874	Germany	Belgium
2021.49875	Rwanda	Ghana
2021.49875	Spain	Denmark
2021.49875	India	Mozambique
2021.49875	Belgium	Netherlands
2021.49875	USA	Australia
2021.49875	Denmark	Austria
2021.49876	Botswana	South Africa
2021.49876	India	United Kingdom
2021.49876	Mozambique	South Africa
2021.49876	Uganda	Democratic Republic of the Congo
2021.49876	India	USA
2021.49876	France	Ghana
2021.49876	Ghana	Denmark
2021.49876	United Kingdom	Romania
2021.49877	Eswatini	South Africa
2021.4987999999998	South Africa	United Kingdom
2021.4989999999998	United Kingdom	Ethiopia
2021.4998999999998	France	United Kingdom
2021.5001399999999	Germany	France
2021.50037	Uganda	South Africa
2021.5008799999998	France	Switzerland
2021.50147	United Kingdom	South Africa
2021.50147	United Kingdom	France
2021.50148	Netherlands	Belgium
2021.50148	Denmark	Belgium
2021.5014899999999	Spain	Switzerland
2021.5014899999999	South Africa	Botswana
2021.5014899999999	Namibia	South Africa
2021.5014899999999	United Kingdom	Ecuador
2021.5014899999999	Germany	Switzerland
2021.5014899999999	Netherlands	Denmark
2021.5014999999999	Netherlands	Denmark
2021.5014999999999	Germany	Denmark
2021.5014999999999	Nigeria	Benin
2021.5014999999999	Germany	Sweden
2021.5014999999999	United Kingdom	Spain
2021.5015199999998	United Kingdom	Finland
2021.50181	Uganda	Rwanda
2021.50182	Netherlands	Sweden
2021.5021199999999	France	Denmark
2021.50225	Denmark	Sweden
2021.50234	Spain	France
2021.50271	Kenya	USA
2021.50282	Zambia	Republic of the Congo
2021.5030399999998	United Kingdom	Ireland
2021.50342	Zimbabwe	South Africa
2021.50373	Sweden	Estonia
2021.5040999999999	Uganda	Botswana
2021.5041299999998	South Africa	Turkey
2021.5041899999999	United Kingdom	Luxembourg
2021.5041999999999	South Africa	Mozambique
2021.5041999999999	United Kingdom	Italy
2021.5042099999998	Kenya	South Sudan
2021.5042099999998	South Africa	Mozambique
2021.5042099999998	France	Denmark
2021.5042199999998	Germany	Denmark
2021.5042199999998	United Kingdom	Sweden
2021.5042199999998	Portugal	Angola
2021.50423	Uganda	South Africa
2021.50423	Denmark	Italy
2021.50424	United Kingdom	Ireland
2021.50426	South Africa	Zambia
2021.50463	Denmark	Germany
2021.50469	Germany	Denmark
2021.5047	Mauritius	South Africa
2021.50472	Germany	Czech Republic
2021.5047499999998	Indonesia	Germany
2021.50558	United Kingdom	Germany
2021.50585	Germany	Sweden
2021.5063699999998	Republic of the Congo	France
2021.50641	Netherlands	Germany
2021.50694	South Africa	Austria
2021.50695	South Africa	Namibia
2021.50695	United Kingdom	Mozambique
2021.50696	USA	Canada
2021.50696	Germany	Belgium
2021.50696	France	Denmark
2021.50696	Germany	Italy
2021.50697	South Africa	Zimbabwe
2021.50697	South Africa	Namibia
2021.50697	South Africa	Namibia
2021.50697	Germany	Sweden
2021.50697	Germany	Austria
2021.50697	Ghana	Nigeria
2021.50697	India	USA
2021.50697	Germany	Denmark
2021.50697	Botswana	Zimbabwe
2021.50697	South Africa	Zimbabwe
2021.50697	Germany	Italy
2021.5069799999999	Ghana	Belgium
2021.5069799999999	South Africa	Zimbabwe
2021.5069799999999	Denmark	Austria
2021.5069799999999	Germany	Italy
2021.5069799999999	Togo	Canada
2021.5069799999999	Mozambique	South Africa
2021.5069799999999	Uganda	Japan
2021.5069799999999	France	Netherlands
2021.5069899999999	South Africa	Sweden
2021.5069899999999	Zambia	Zimbabwe
2021.50724	France	Mayotte
2021.50775	Germany	Canada
2021.50776	Netherlands	Belgium
2021.5096899999999	Ghana	Togo
2021.5096899999999	France	Denmark
2021.5096999999998	Morocco	France
2021.5096999999998	India	Mauritius
2021.5096999999998	Zimbabwe	Zambia
2021.5096999999998	Switzerland	Italy
2021.5096999999998	Germany	Israel
2021.5097099999998	India	Germany
2021.5097099999998	India	Canada
2021.5097099999998	Finland	Benin
2021.5097099999998	Belgium	Mauritius
2021.5097099999998	Spain	Norway
2021.5097099999998	France	Belgium
2021.50972	Namibia	Angola
2021.50972	Germany	Italy
2021.50972	Netherlands	Portugal
2021.50974	United Kingdom	Ireland
2021.50975	United Kingdom	Benin
2021.50976	Kenya	Zambia
2021.5104199999998	France	Denmark
2021.5104299999998	South Africa	Netherlands
2021.5107999999998	India	USA
2021.51164	France	Germany
2021.51184	Uganda	Burundi
2021.5123299999998	Morocco	Germany
2021.5124099999998	Netherlands	Germany
2021.51243	France	Denmark
2021.51244	Spain	Switzerland
2021.51244	Netherlands	Equatorial Guinea
2021.51244	Senegal	Austria
2021.51244	Germany	Denmark
2021.51245	India	Belgium
2021.51245	Nigeria	Benin
2021.51245	Nigeria	United Kingdom
2021.51245	Spain	Italy
2021.51245	Germany	Denmark
2021.51246	Uganda	South Sudan
2021.51247	United Kingdom	Portugal
2021.51272	France	Netherlands
2021.51283	Togo	Benin
2021.513	France	Mayotte
2021.5133099999998	France	Switzerland
2021.51343	India	USA
2021.5139299999998	Uganda	Kenya
2021.51442	Denmark	Germany
2021.51516	India	United Kingdom
2021.51517	Togo	Benin
2021.51517	USA	Benin
2021.51517	USA	France
2021.5151799999999	Czech Republic	Denmark
2021.5151799999999	Germany	Benin
2021.5151799999999	Spain	Germany
2021.5151799999999	Togo	Benin
2021.5151899999998	United Kingdom	France
2021.5151999999998	Mozambique	South Africa
2021.5151999999998	USA	Mexico
2021.5151999999998	Zimbabwe	South Africa
2021.51522	United Kingdom	Ireland
2021.51522	United Kingdom	Denmark
2021.51523	South Africa	Seychelles
2021.51524	Kenya	South Africa
2021.5154499999999	Netherlands	Germany
2021.5155599999998	India	USA
2021.51559	Germany	Denmark
2021.51568	USA	South Africa
2021.5171599999999	Sweden	Ireland
2021.51758	France	Germany
2021.5178899999999	Germany	USA
2021.5179099999998	Germany	Slovenia
2021.5179099999998	South Africa	Italy
2021.51792	Thailand	Cambodia
2021.51792	Czech Republic	Italy
2021.51792	India	USA
2021.51792	Spain	Germany
2021.51792	Ghana	Benin
2021.51792	France	Iceland
2021.51792	France	Italy
2021.51792	Germany	USA
2021.51792	United Kingdom	USA
2021.51793	Kenya	Sweden
2021.51793	USA	Mexico
2021.51793	Namibia	South Africa
2021.51793	Kenya	USA
2021.51793	Spain	France
2021.51793	France	Ireland
2021.51793	United Kingdom	Bulgaria
2021.51794	India	Finland
2021.51794	USA	United Kingdom
2021.51795	Denmark	USA
2021.51795	Denmark	Ghana
2021.51795	United Kingdom	Bulgaria
2021.51795	United Kingdom	Ireland
2021.51796	United Kingdom	Sweden
2021.5179999999998	France	Denmark
2021.51893	France	Spain
2021.52027	United Kingdom	Switzerland
2021.52065	France	Reunion
2021.52065	France	Portugal
2021.52065	France	Spain
2021.52065	Spain	Belgium
2021.52065	Germany	Italy
2021.52065	Germany	Romania
2021.52065	Portugal	Spain
2021.52065	USA	Guatemala
2021.52066	India	South Africa
2021.52066	India	Ghana
2021.52066	Denmark	Germany
2021.52066	France	Spain
2021.52066	Senegal	Reunion
2021.52066	Switzerland	Guadeloupe
2021.5206699999999	India	South Africa
2021.5206699999999	Germany	Belgium
2021.5206699999999	France	Reunion
2021.5206699999999	Germany	Russia
2021.5206699999999	Denmark	France
2021.5206699999999	France	Reunion
2021.5206699999999	South Africa	Belgium
2021.5206699999999	Germany	France
2021.5206699999999	Germany	Sweden
2021.5206699999999	Morocco	France
2021.5206699999999	Germany	Italy
2021.5206699999999	France	Belgium
2021.5206799999999	United Kingdom	Greece
2021.5206799999999	Sweden	Slovenia
2021.5206799999999	Mozambique	South Africa
2021.5206799999999	Netherlands	France
2021.5206799999999	United Kingdom	France
2021.5206799999999	Germany	France
2021.52171	Russia	USA
2021.52262	Namibia	South Africa
2021.5230999999999	Germany	Nigeria
2021.5232799999999	Nigeria	Germany
2021.5233699999999	Netherlands	Curacao
2021.5233899999998	United Kingdom	Ireland
2021.5233999999998	United Kingdom	Netherlands
2021.5233999999998	Turkey	USA
2021.5233999999998	South Africa	Togo
2021.5233999999998	Spain	Slovenia
2021.5233999999998	France	Denmark
2021.52341	Sweden	Spain
2021.52341	Germany	Belgium
2021.52341	Germany	Estonia
2021.52341	South Sudan	South Africa
2021.52341	Uganda	Kenya
2021.52343	United Kingdom	France
2021.52445	France	Spain
2021.52449	Spain	Denmark
2021.5245	Republic of the Congo	Germany
2021.52451	Germany	Sweden
2021.52486	United Kingdom	Denmark
2021.5252699999999	Morocco	Reunion
2021.5253	Senegal	Ghana
2021.52612	United Kingdom	France
2021.52613	France	Slovenia
2021.52613	Switzerland	Italy
2021.52613	Ghana	South Korea
2021.52613	Germany	Italy
2021.52614	India	Japan
2021.52614	Italy	Switzerland
2021.52614	Togo	Benin
2021.52614	Spain	Italy
2021.52614	Germany	Sweden
2021.52614	Ghana	Togo
2021.52614	France	Netherlands
2021.52615	France	Switzerland
2021.52615	Nigeria	Togo
2021.5261699999999	South Africa	Benin
2021.5261699999999	United Kingdom	Netherlands
2021.5261799999998	South Africa	Zambia
2021.5261799999998	United Kingdom	Iceland
2021.5261799999998	United Kingdom	Belgium
2021.52643	Germany	Canada
2021.52648	Uganda	Botswana
2021.5269899999998	Rwanda	Kenya
2021.52775	Spain	Brazil
2021.52811	Austria	Denmark
2021.52828	Uganda	Kenya
2021.5288699999999	United Kingdom	South Africa
2021.5288699999999	France	Slovenia
2021.5288799999998	USA	Mexico
2021.5288799999998	Kenya	South Africa
2021.5288799999998	Gambia	Germany
2021.5288799999998	France	Switzerland
2021.5288799999998	USA	Mexico
2021.5288799999998	Nigeria	Benin
2021.5288799999998	France	Denmark
2021.5288799999998	France	Montenegro
2021.5288799999998	France	Spain
2021.5288799999998	France	Belgium
2021.5288799999998	Gambia	Canada
2021.5288799999998	France	Germany
2021.5288899999998	Zimbabwe	Kenya
2021.5288899999998	South Africa	USA
2021.5288899999998	Germany	Sweden
2021.5288899999998	Belgium	Netherlands
2021.5288899999998	Togo	Benin
2021.5288899999998	USA	Mexico
2021.5288899999998	Nigeria	Benin
2021.5288899999998	Nigeria	Benin
2021.5288899999998	Ethiopia	Benin
2021.5288899999998	Germany	Italy
2021.5288899999998	United Kingdom	Lithuania
2021.5288999999998	Uganda	Botswana
2021.5288999999998	Uganda	South Sudan
2021.5288999999998	Zambia	Kenya
2021.52891	United Kingdom	Ireland
2021.52891	United Kingdom	Ireland
2021.52946	India	Seychelles
2021.5309499999998	Italy	USA
2021.53138	France	Belgium
2021.53152	United Kingdom	Equatorial Guinea
2021.5315899999998	South Africa	Italy
2021.53161	France	Chile
2021.53161	Spain	Italy
2021.53161	Germany	Kenya
2021.53161	France	Switzerland
2021.53162	Uganda	South Sudan
2021.53162	Uganda	South Sudan
2021.53162	France	Slovakia
2021.53162	Switzerland	France
2021.53162	South Africa	USA
2021.53163	Uganda	South Sudan
2021.53163	Germany	Italy
2021.53164	Germany	Finland
2021.53164	Uganda	Kenya
2021.53164	France	United Kingdom
2021.53216	Uganda	Kenya
2021.53435	Germany	Portugal
2021.53435	Morocco	Denmark
2021.5343599999999	India	Mexico
2021.5343599999999	Portugal	Denmark
2021.5343599999999	Zambia	Zimbabwe
2021.5343699999999	Indonesia	Singapore
2021.5343699999999	France	Denmark
2021.5343699999999	Germany	United Kingdom
2021.5343699999999	Germany	Italy
2021.5343799999998	India	Bangladesh
2021.5343799999998	South Africa	Switzerland
2021.5343799999998	Zambia	Zimbabwe
2021.5358999999999	Czech Republic	Germany
2021.5361899999998	United Kingdom	Bulgaria
2021.53641	USA	Estonia
2021.53667	Spain	Reunion
2021.5370799999998	United Kingdom	Ireland
2021.5370799999998	South Africa	Malawi
2021.5370799999998	United Kingdom	Romania
2021.5370899999998	India	Nigeria
2021.5370899999998	France	Reunion
2021.5371	India	USA
2021.5371	Spain	France
2021.5371	South Africa	Zimbabwe
2021.5371	India	Nigeria
2021.5371	Germany	Sweden
2021.5371	South Africa	Nigeria
2021.5371	India	Turkey
2021.5371	Kenya	USA
2021.5371	USA	Germany
2021.5371	Botswana	Bulgaria
2021.5371	India	Nigeria
2021.5371	Zambia	Nigeria
2021.5371	South Africa	Zimbabwe
2021.5371	Zambia	Zimbabwe
2021.5371	USA	Mexico
2021.5371	Spain	Switzerland
2021.5371	Denmark	Italy
2021.5371	Ethiopia	Australia
2021.53711	Kenya	Nigeria
2021.53711	Liberia	Nigeria
2021.53711	India	Kenya
2021.53711	Nigeria	Togo
2021.53711	Germany	Portugal
2021.53711	Switzerland	Spain
2021.53712	USA	Australia
2021.53712	Germany	Nigeria
2021.53713	Spain	Switzerland
2021.53713	Switzerland	Luxembourg
2021.53713	United Kingdom	Nigeria
2021.5371499999999	Uganda	United Kingdom
2021.5371499999999	United Kingdom	Ireland
2021.5371699999998	South Africa	Nigeria
2021.53723	France	Spain
2021.53758	France	United Kingdom
2021.5386899999999	Uganda	Denmark
2021.5388699999999	Germany	Belgium
2021.53982	Germany	United Kingdom
2021.53982	Belgium	France
2021.53983	India	South Africa
2021.53983	France	Switzerland
2021.53983	United Kingdom	Iceland
2021.53984	Denmark	Sweden
2021.53984	Spain	France
2021.53984	Germany	Nigeria
2021.53984	Spain	Switzerland
2021.53984	France	Reunion
2021.53984	Senegal	Republic of the Congo
2021.53984	United Kingdom	Republic of the Congo
2021.53985	Spain	France
2021.53985	India	South Africa
2021.53985	Netherlands	Greece
2021.53985	United Kingdom	Greece
2021.53985	India	South Africa
2021.53985	Germany	Greece
2021.53985	Germany	Kosovo
2021.53985	USA	Guatemala
2021.53985	Germany	Austria
2021.53985	Germany	Montenegro
2021.53985	Germany	France
2021.53985	Denmark	Spain
2021.53985	United Kingdom	Romania
2021.5398599999999	USA	Mexico
2021.5398599999999	Germany	Russia
2021.5398599999999	France	Netherlands
2021.5398599999999	Spain	Equatorial Guinea
2021.5398599999999	Spain	France
2021.5398599999999	United Kingdom	Switzerland
2021.5398699999998	United Kingdom	France
2021.5398799999998	United Kingdom	Germany
2021.5406799999998	Germany	Spain
2021.54209	United Kingdom	Portugal
2021.54245	South Africa	Kenya
2021.54255	France	Reunion
2021.54255	United Kingdom	Ireland
2021.5425699999998	France	Italy
2021.5425699999998	France	Belgium
2021.5425699999998	Portugal	Angola
2021.5425699999998	India	Norway
2021.5425699999998	Canada	USA
2021.5425799999998	Netherlands	South Africa
2021.5425799999998	India	USA
2021.5425799999998	India	South Africa
2021.5425799999998	Denmark	Sweden
2021.5425799999998	India	USA
2021.5425799999998	Turkey	USA
2021.5425799999998	Turkey	Burundi
2021.5425799999998	Germany	Netherlands
2021.5425799999998	France	Switzerland
2021.5425799999998	Germany	Slovenia
2021.5425799999998	France	Spain
2021.5425899999998	India	USA
2021.5425899999998	United Kingdom	Ireland
2021.5425899999998	Sweden	Luxembourg
2021.5425899999998	USA	Turkey
2021.5425899999998	Ghana	Bahrain
2021.5425899999998	South Africa	Burundi
2021.5425899999998	South Africa	Italy
2021.5425899999998	USA	Ghana
2021.5425899999998	Germany	Belgium
2021.5426	Netherlands	Denmark
2021.5426	Zambia	Kenya
2021.5426	Denmark	Sweden
2021.54261	Botswana	South Africa
2021.5429	Iceland	Ireland
2021.54291	Denmark	United Kingdom
2021.5443699999998	Denmark	United Kingdom
2021.5453	United Kingdom	Angola
2021.54531	Indonesia	Netherlands
2021.54531	France	Spain
2021.54531	Germany	Italy
2021.54531	Germany	Denmark
2021.54531	Germany	Slovenia
2021.54531	United Kingdom	Switzerland
2021.54532	India	South Africa
2021.54532	Turkey	South Africa
2021.54532	USA	Finland
2021.54532	Spain	Denmark
2021.54532	France	Italy
2021.54532	France	Italy
2021.54532	United Kingdom	Togo
2021.54533	India	Ethiopia
2021.54533	India	USA
2021.54533	Czech Republic	Germany
2021.54533	India	USA
2021.54533	Germany	USA
2021.54533	USA	Kenya
2021.54533	Nigeria	Mayotte
2021.54533	Nigeria	Togo
2021.54533	Nigeria	Belgium
2021.54533	Indonesia	Japan
2021.54533	Netherlands	Austria
2021.54534	India	Ethiopia
2021.54534	Mozambique	South Africa
2021.54534	Zambia	Ethiopia
2021.54534	France	Spain
2021.54534	United Kingdom	Ireland
2021.5453599999998	Uganda	Kenya
2021.54543	Zambia	Botswana
2021.54559	Switzerland	France
2021.54585	Germany	Denmark
2021.54629	South Africa	Nigeria
2021.5470899999998	South Africa	USA
2021.54785	Denmark	Sweden
2021.54804	France	USA
2021.5480499999999	South Africa	Ethiopia
2021.5480499999999	Sweden	Spain
2021.5480499999999	Germany	Switzerland
2021.5480499999999	Morocco	Ethiopia
2021.5480599999999	India	Ghana
2021.5480599999999	Germany	Switzerland
2021.5480599999999	Togo	Ghana
2021.5480599999999	Nigeria	Togo
2021.5480599999999	United Kingdom	South Africa
2021.5480599999999	France	Spain
2021.5480599999999	France	Germany
2021.5480599999999	France	Switzerland
2021.5480599999999	Ethiopia	USA
2021.5480699999998	India	Spain
2021.5480699999998	Mexico	USA
2021.5480699999998	India	Cambodia
2021.5480699999998	Kenya	Rwanda
2021.5480699999998	Portugal	Denmark
2021.5480699999998	France	Spain
2021.5480799999998	Zambia	USA
2021.5481	South Africa	Belgium
2021.5481	Kenya	Zambia
2021.54863	Mayotte	Reunion
2021.54971	Israel	Poland
2021.55011	United Kingdom	Italy
2021.55079	India	Germany
2021.55079	Zimbabwe	United Kingdom
2021.55079	Indonesia	Australia
2021.55079	Ghana	Togo
2021.55079	Belgium	Spain
2021.55079	Benin	Norway
2021.55079	United Kingdom	Denmark
2021.55079	Belgium	Germany
2021.5508	Czech Republic	Slovakia
2021.5508	USA	United Kingdom
2021.5508	United Kingdom	USA
2021.5508	Mexico	USA
2021.5508	India	USA
2021.5508	France	Switzerland
2021.5508	Sweden	Netherlands
2021.5508	Germany	USA
2021.55081	USA	Mexico
2021.55081	India	South Africa
2021.55081	Mexico	USA
2021.55082	Botswana	Germany
2021.55082	France	Sweden
2021.55083	Denmark	Spain
2021.55146	Croatia	Germany
2021.55172	Denmark	Germany
2021.55254	Sweden	France
2021.55261	Netherlands	Belgium
2021.55278	USA	Mayotte
2021.55306	Netherlands	Sweden
2021.55352	South Africa	United Kingdom
2021.55353	Netherlands	Spain
2021.5535399999999	Morocco	USA
2021.5535399999999	Germany	Switzerland
2021.5535399999999	Denmark	Turkey
2021.5535399999999	France	Spain
2021.5535399999999	Spain	Portugal
2021.5535399999999	Netherlands	Spain
2021.5535399999999	France	United Kingdom
2021.5535399999999	France	Netherlands
2021.5535399999999	Ghana	United Kingdom
2021.5535499999999	Morocco	France
2021.5535499999999	Germany	Spain
2021.5535499999999	Germany	Turkey
2021.5535599999998	Germany	Turkey
2021.55358	Germany	Sweden
2021.55358	United Kingdom	Denmark
2021.5539099999999	France	Denmark
2021.5543599999999	United Kingdom	Germany
2021.5549099999998	Italy	Germany
2021.55583	South Africa	Botswana
2021.5560899999998	France	Denmark
2021.55611	Zambia	Botswana
2021.5562599999998	Kenya	Rwanda
2021.5562699999998	South Africa	Bangladesh
2021.5562699999998	France	Spain
2021.5562699999998	France	Spain
2021.5562699999998	Spain	Germany
2021.55628	India	Turkey
2021.55628	India	Kenya
2021.55628	Czech Republic	Netherlands
2021.55628	Netherlands	Sweden
2021.55628	Germany	Denmark
2021.55628	India	USA
2021.55628	Spain	France
2021.55628	France	Norway
2021.55628	Kenya	South Africa
2021.55628	USA	India
2021.55628	France	Italy
2021.55628	USA	Norway
2021.55629	Germany	Greece
2021.55629	Germany	USA
2021.55629	India	Germany
2021.55629	India	Ethiopia
2021.55629	Uganda	Kenya
2021.55629	Uganda	South Africa
2021.55629	Germany	France
2021.55629	United Kingdom	Portugal
2021.5563	India	Nigeria
2021.55631	Denmark	Sweden
2021.55631	United Kingdom	Belgium
2021.5564299999999	Austria	Italy
2021.5567299999998	United Kingdom	Denmark
2021.55675	Spain	Germany
2021.5577099999998	Mayotte	Reunion
2021.55775	France	Reunion
2021.55776	Germany	Republic of the Congo
2021.5588799999998	Germany	Switzerland
2021.55899	Switzerland	Reunion
2021.559	United Kingdom	Portugal
2021.559	United Kingdom	Belgium
2021.55901	Netherlands	France
2021.55901	Nigeria	United Kingdom
2021.55901	Germany	Netherlands
2021.55901	France	Montenegro
2021.55901	Germany	Reunion
2021.55902	India	USA
2021.55902	Belgium	Denmark
2021.55902	Germany	Slovenia
2021.55902	United Kingdom	Sri Lanka
2021.55902	India	Portugal
2021.55902	Nigeria	Republic of the Congo
2021.55902	Kenya	Norway
2021.55902	Germany	Spain
2021.55902	Denmark	Spain
2021.55902	France	Reunion
2021.55902	Lithuania	United Kingdom
2021.55902	India	France
2021.55902	France	Reunion
2021.55902	Sweden	Norway
2021.55903	Uganda	United Kingdom
2021.55903	Zimbabwe	South Africa
2021.55903	Namibia	Angola
2021.55903	Germany	USA
2021.55903	Germany	Norway
2021.55903	Spain	Reunion
2021.55903	France	Spain
2021.55903	Portugal	Spain
2021.5590499999998	Germany	Switzerland
2021.5590599999998	Kenya	Zambia
2021.5590599999998	United Kingdom	Norway
2021.55917	Spain	Germany
2021.5595199999998	Germany	Switzerland
2021.5596999999998	United Kingdom	Ireland
2021.5597899999998	Germany	Mauritius
2021.56007	USA	Canada
2021.5613199999998	Denmark	Germany
2021.5613999999998	India	Turkey
2021.5617399999999	Germany	Turkey
2021.5617399999999	South Africa	United Kingdom
2021.5617399999999	Switzerland	Germany
2021.5617499999998	Indonesia	Japan
2021.5617499999998	Germany	Iceland
2021.5617499999998	Germany	Turkey
2021.5617499999998	Germany	Turkey
2021.5617499999998	Germany	Turkey
2021.5617499999998	Germany	Czech Republic
2021.5617499999998	USA	Colombia
2021.5617599999998	USA	Denmark
2021.5617599999998	United Kingdom	France
2021.5617599999998	Ghana	Denmark
2021.5617599999998	India	USA
2021.5617599999998	South Africa	United Kingdom
2021.5617599999998	South Africa	USA
2021.5617599999998	France	Egypt
2021.5617699999998	Germany	Turkey
2021.5617699999998	Germany	Turkey
2021.5617699999998	Spain	Italy
2021.5617699999998	France	Germany
2021.5617699999998	Netherlands	Slovakia
2021.56178	Sweden	Austria
2021.56178	Germany	Spain
2021.56179	Denmark	Sweden
2021.56272	France	Reunion
2021.56449	Germany	Netherlands
2021.56449	Liberia	Ghana
2021.56449	India	USA
2021.56449	USA	Guatemala
2021.56449	Kenya	South Africa
2021.56449	India	Denmark
2021.5645	USA	Switzerland
2021.5645	India	Turkey
2021.5645	Sweden	Italy
2021.5645	Netherlands	Sweden
2021.5645	India	South Africa
2021.5645	India	Peru
2021.5645	Germany	Norway
2021.5645	Zimbabwe	South Africa
2021.5645	Morocco	Germany
2021.5645	Italy	Denmark
2021.5645	France	Mayotte
2021.5645	France	Mayotte
2021.5645	Germany	Turkey
2021.56451	Denmark	Iceland
2021.56451	Germany	Brazil
2021.56451	Mexico	USA
2021.56451	United Kingdom	Germany
2021.56452	India	Slovenia
2021.56452	Botswana	Turkey
2021.56452	Germany	Denmark
2021.5645299999999	Denmark	Germany
2021.5645399999999	Mozambique	Canada
2021.5646	Italy	United Kingdom
2021.56621	France	Spain
2021.56686	India	Turkey
2021.56711	Germany	Switzerland
2021.56721	Denmark	France
2021.56721	Spain	Denmark
2021.56722	South Africa	United Kingdom
2021.56722	Germany	Sweden
2021.56722	United Kingdom	USA
2021.5672299999999	India	Nigeria
2021.5672299999999	Sweden	USA
2021.5672299999999	Turkey	Ghana
2021.5672299999999	France	Italy
2021.5672299999999	France	Sweden
2021.5672299999999	Germany	Norway
2021.5672399999999	India	Turkey
2021.5672399999999	India	USA
2021.5672399999999	USA	Iceland
2021.5672399999999	India	Ghana
2021.5672399999999	India	Ethiopia
2021.5672399999999	Germany	Sweden
2021.5672399999999	Denmark	Spain
2021.5672399999999	Denmark	Netherlands
2021.5672399999999	USA	Canada
2021.5672499999998	India	Ghana
2021.5672499999998	India	Denmark
2021.5672499999998	India	Turkey
2021.5672499999998	Germany	Denmark
2021.5672499999998	Germany	Netherlands
2021.5672499999998	Germany	Lithuania
2021.5672499999998	Germany	United Kingdom
2021.5672599999998	Germany	Ghana
2021.5672599999998	Spain	Switzerland
2021.56727	United Kingdom	Denmark
2021.56728	Uganda	Kenya
2021.56728	Kenya	Zambia
2021.56754	Russia	Chile
2021.5688	Switzerland	Denmark
2021.56934	Germany	Switzerland
2021.5696899999998	Germany	Denmark
2021.5699599999998	United Kingdom	Ghana
2021.56997	Sweden	Denmark
2021.56997	Germany	Denmark
2021.56997	India	Ghana
2021.56997	Germany	Israel
2021.56998	United Kingdom	Portugal
2021.56998	India	South Africa
2021.56998	Uganda	USA
2021.56998	Nigeria	USA
2021.56998	France	Italy
2021.56998	Gambia	Ghana
2021.56999	India	USA
2021.56999	Nigeria	Ghana
2021.57	Nigeria	Ghana
2021.57	Germany	Austria
2021.57	Germany	Switzerland
2021.5700299999999	United Kingdom	USA
2021.57052	Germany	Turkey
2021.57061	Namibia	South Africa
2021.5712899999999	South Africa	United Kingdom
2021.57271	Netherlands	Denmark
2021.57271	United Kingdom	Ireland
2021.57271	Germany	Denmark
2021.57271	Uganda	Kenya
2021.57272	India	Denmark
2021.57272	France	Romania
2021.57272	France	Mayotte
2021.57272	Ethiopia	Denmark
2021.57272	Germany	Israel
2021.57272	Germany	Denmark
2021.57272	Germany	Denmark
2021.5727399999998	Germany	Czech Republic
2021.5727399999998	United Kingdom	Ireland
2021.57308	Spain	Poland
2021.57389	Germany	Denmark
2021.5754399999998	Denmark	Germany
2021.5754399999998	United Kingdom	Germany
2021.5754499999998	Uganda	USA
2021.5754499999998	USA	Costa Rica
2021.5754499999998	France	Denmark
2021.5754499999998	Germany	Lithuania
2021.5754499999998	Netherlands	Belgium
2021.5754499999998	Spain	Sweden
2021.5754499999998	USA	Malaysia
2021.5754499999998	India	Ethiopia
2021.5754499999998	USA	Canada
2021.5754599999998	Switzerland	Netherlands
2021.5754599999998	Angola	South Africa
2021.5754599999998	Germany	Kosovo
2021.5754599999998	Spain	Denmark
2021.5754599999998	USA	Canada
2021.5754599999998	Germany	Ghana
2021.5754599999998	France	Belgium
2021.5754599999998	Denmark	Germany
2021.5754599999998	Denmark	Bulgaria
2021.5754599999998	United Kingdom	Belgium
2021.57547	Democratic Republic of the Congo	Republic of the Congo
2021.57547	Netherlands	Belgium
2021.57547	France	Romania
2021.57547	Nigeria	Ghana
2021.57547	Germany	Italy
2021.57547	Germany	Sweden
2021.57547	Netherlands	Czech Republic
2021.57548	Morocco	Canada
2021.57548	South Africa	Ghana
2021.57548	Nigeria	Ghana
2021.57548	Germany	Sweden
2021.57548	Denmark	Germany
2021.57548	United Kingdom	Ireland
2021.57549	United Kingdom	Spain
2021.5757999999998	Germany	France
2021.57674	Australia	New Zealand
2021.57727	Belgium	Germany
2021.57765	Germany	Reunion
2021.57811	Germany	Denmark
2021.57818	India	South Africa
2021.57819	France	Slovenia
2021.57819	Morocco	Belgium
2021.57819	Switzerland	Finland
2021.57819	France	Reunion
2021.57819	France	Spain
2021.57819	France	Reunion
2021.57819	Germany	France
2021.57819	Switzerland	Germany
2021.5782	India	Switzerland
2021.5782	Denmark	Japan
2021.5782	Germany	Turkey
2021.5782	Germany	Switzerland
2021.5782	Togo	Mali
2021.5782	Nigeria	Ghana
2021.5782	France	United Kingdom
2021.5782	India	Germany
2021.5782	Morocco	United Kingdom
2021.5782	USA	Turkey
2021.5782	Switzerland	Slovenia
2021.5782	Germany	France
2021.5782	France	Reunion
2021.5782	Equatorial Guinea	Gabon
2021.5782	France	USA
2021.5782	United Kingdom	Denmark
2021.5782	Ethiopia	Turkey
2021.57821	India	Ethiopia
2021.57821	Netherlands	Germany
2021.57821	USA	Mexico
2021.57821	Germany	Switzerland
2021.57821	Germany	USA
2021.57821	Nigeria	Ghana
2021.57821	Uganda	Turkey
2021.57821	United Kingdom	Croatia
2021.5782199999999	Sweden	Finland
2021.5782199999999	Zambia	Kenya
2021.5782199999999	Denmark	Equatorial Guinea
2021.5782199999999	Denmark	France
2021.5782299999998	Zambia	South Africa
2021.5782299999998	Sweden	France
2021.5791499999998	France	Spain
2021.57952	Germany	Denmark
2021.5809199999999	South Africa	United Kingdom
2021.5809299999999	Zimbabwe	South Africa
2021.5809299999999	India	Switzerland
2021.5809299999999	India	Ethiopia
2021.5809299999999	France	Slovenia
2021.5809299999999	Benin	Senegal
2021.5809299999999	United Kingdom	Denmark
2021.5809299999999	USA	Canada
2021.5809399999998	Czech Republic	Sweden
2021.5809399999998	Netherlands	Croatia
2021.5809399999998	Kenya	Slovenia
2021.5809399999998	India	Ethiopia
2021.5809399999998	Uganda	Kenya
2021.5809399999998	United Kingdom	South Africa
2021.5809399999998	Germany	Switzerland
2021.5809399999998	Morocco	Belgium
2021.5809399999998	Germany	Switzerland
2021.5809399999998	France	Mayotte
2021.5809399999998	France	Mali
2021.5809399999998	Germany	Slovenia
2021.5809499999998	Germany	Slovakia
2021.5809499999998	South Africa	Belgium
2021.58096	Netherlands	Germany
2021.58096	India	Sweden
2021.58096	Kenya	South Africa
2021.58097	Bulgaria	Belgium
2021.58118	Italy	United Kingdom
2021.5818299999999	France	Germany
2021.5836499999998	United Kingdom	Angola
2021.58366	Denmark	Slovenia
2021.58366	South Africa	Uganda
2021.58366	France	Slovakia
2021.58366	France	USA
2021.58366	France	Spain
2021.58366	France	Switzerland
2021.58366	Austria	Sweden
2021.58367	India	USA
2021.58367	United Kingdom	Kenya
2021.58368	Czech Republic	Germany
2021.58368	Netherlands	Denmark
2021.58368	Nigeria	Ireland
2021.58368	India	South Africa
2021.58368	United Kingdom	South Africa
2021.58368	Germany	Belgium
2021.58368	Mayotte	Switzerland
2021.58369	Ghana	Turkey
2021.58369	Germany	Norway
2021.58369	Germany	Poland
2021.58369	Germany	Denmark
2021.58369	Germany	Switzerland
2021.5837	India	USA
2021.5837	Nigeria	Pakistan
2021.5837	United Kingdom	Slovenia
2021.5839799999999	Denmark	Germany
2021.58539	Kenya	Seychelles
2021.58639	Denmark	Germany
2021.58639	France	Germany
2021.5864	France	Czech Republic
2021.58641	Morocco	Denmark
2021.58641	USA	Turkey
2021.58641	United Kingdom	Ireland
2021.58641	Germany	Turkey
2021.58641	Germany	Austria
2021.58641	France	Spain
2021.58641	Germany	Denmark
2021.58641	USA	Turkey
2021.5864199999999	Nigeria	Germany
2021.5864199999999	Ghana	Iceland
2021.5864199999999	Uganda	South Africa
2021.5864199999999	India	Nigeria
2021.5864199999999	Zambia	South Africa
2021.5864199999999	Zimbabwe	South Africa
2021.5864199999999	Germany	Denmark
2021.5864199999999	Croatia	Slovenia
2021.5864299999998	Russia	Canada
2021.5864299999998	Australia	USA
2021.5864299999998	Germany	Sweden
2021.5864399999998	USA	Nigeria
2021.5864399999998	United Kingdom	Slovenia
2021.58645	United Kingdom	Ireland
2021.5883299999998	Spain	Italy
2021.5885199999998	France	Spain
2021.5891499999998	India	USA
2021.5891499999998	Spain	United Kingdom
2021.5891499999998	Germany	Belgium
2021.5891499999998	Netherlands	Denmark
2021.58916	Sweden	Czech Republic
2021.58916	India	Turkey
2021.58916	India	Kenya
2021.58916	Italy	Germany
2021.58916	Denmark	Sweden
2021.58916	Germany	Netherlands
2021.58917	South Africa	Turkey
2021.58917	India	Austria
2021.58917	Ethiopia	Switzerland
2021.58917	Germany	Switzerland
2021.58919	United Kingdom	Switzerland
2021.59064	Sweden	Canada
2021.59073	United Kingdom	Netherlands
2021.5909	Canada	USA
2021.59105	Kenya	Zambia
2021.59188	Denmark	Canada
2021.59188	USA	Austria
2021.59188	Germany	France
2021.59188	Germany	Canada
2021.59188	Japan	Kenya
2021.59188	USA	Canada
2021.59188	Canada	USA
2021.59189	Nigeria	Canada
2021.59189	Germany	Denmark
2021.59189	Morocco	Belgium
2021.59189	Uganda	Kenya
2021.59189	Portugal	United Kingdom
2021.59189	Canada	USA
2021.5919	USA	Canada
2021.5919	Angola	Namibia
2021.5919	Germany	Switzerland
2021.5919	France	Denmark
2021.5919	Togo	Nigeria
2021.5919	India	Denmark
2021.5919	Germany	Italy
2021.5919	Denmark	Austria
2021.5919	Switzerland	France
2021.5919	USA	Canada
2021.5919099999999	Netherlands	Denmark
2021.5919099999999	Germany	Russia
2021.5919099999999	United Kingdom	Italy
2021.5919099999999	Uganda	Canada
2021.5919199999998	Botswana	USA
2021.5931699999999	France	Equatorial Guinea
2021.59396	Netherlands	United Kingdom
2021.5946199999998	France	Switzerland
2021.5946199999998	Belgium	Sweden
2021.5946199999998	United Kingdom	Bulgaria
2021.5946199999998	Canada	USA
2021.5946299999998	Zimbabwe	South Africa
2021.5946299999998	Botswana	USA
2021.5946299999998	Morocco	Ghana
2021.5946299999998	France	Austria
2021.5946299999998	France	Denmark
2021.5946299999998	Netherlands	Suriname
2021.5946299999998	Germany	Belgium
2021.5946299999998	United Kingdom	Ethiopia
2021.5946299999998	United Kingdom	USA
2021.5946399999998	United Kingdom	Denmark
2021.5946399999998	France	Belgium
2021.5946399999998	United Kingdom	France
2021.59465	USA	Mexico
2021.59465	Netherlands	Peru
2021.59465	France	Ghana
2021.59465	France	Belgium
2021.59465	Germany	Switzerland
2021.59465	United Kingdom	Lithuania
2021.59466	Germany	Switzerland
2021.59466	United Kingdom	Denmark
2021.59466	United Kingdom	Sweden
2021.59467	United Kingdom	Denmark
2021.59467	United Kingdom	Slovakia
2021.5967899999998	Sweden	Reunion
2021.59721	Mexico	USA
2021.59736	India	USA
2021.59736	France	Reunion
2021.59737	Gambia	Germany
2021.59737	France	Reunion
2021.59737	USA	Mexico
2021.59737	France	United Kingdom
2021.59737	Benin	Senegal
2021.59738	Mexico	USA
2021.59738	France	Reunion
2021.59738	Nigeria	Ghana
2021.59738	Spain	Switzerland
2021.59738	France	Switzerland
2021.59738	Germany	Slovenia
2021.59738	United Kingdom	Denmark
2021.59738	USA	Switzerland
2021.59739	Nigeria	Ghana
2021.59739	South Africa	India
2021.59739	Germany	Slovenia
2021.59739	France	Spain
2021.59739	United Kingdom	France
2021.5973999999999	United Kingdom	Germany
2021.5973999999999	Germany	Switzerland
2021.5974099999999	United Kingdom	France
2021.5974099999999	United Kingdom	Iceland
2021.5993199999998	United Kingdom	Germany
2021.60008	Switzerland	Slovenia
2021.6000999999999	Germany	Denmark
2021.6000999999999	USA	Belgium
2021.6000999999999	Switzerland	Germany
2021.6001099999999	United Kingdom	Spain
2021.6001099999999	United Kingdom	Belgium
2021.6001099999999	Uganda	South Africa
2021.6001099999999	Germany	USA
2021.6001099999999	India	Germany
2021.6001199999998	India	USA
2021.6001199999998	USA	United Kingdom
2021.6001199999998	United Kingdom	Switzerland
2021.6001199999998	Ghana	Seychelles
2021.6001199999998	Russia	Netherlands
2021.6001199999998	Russia	Ireland
2021.6001199999998	Sweden	Denmark
2021.6001199999998	Uganda	Ghana
2021.6001199999998	Nigeria	Ghana
2021.6001199999998	Germany	Slovenia
2021.6001199999998	Spain	Finland
2021.6001199999998	France	Sweden
2021.6001299999998	Kenya	Ghana
2021.6001299999998	Germany	Denmark
2021.6001299999998	Republic of the Congo	Switzerland
2021.6001299999998	Mozambique	South Africa
2021.6001299999998	Nigeria	Ghana
2021.6001299999998	Nigeria	Slovakia
2021.6001299999998	Uganda	USA
2021.6001299999998	Germany	Denmark
2021.6001299999998	Germany	Croatia
2021.60014	France	Equatorial Guinea
2021.60014	United Kingdom	Poland
2021.60014	United Kingdom	Lithuania
2021.60015	United Kingdom	Poland
2021.60017	Kenya	Zambia
2021.6011199999998	Germany	Denmark
2021.60253	Netherlands	Germany
2021.6025499999998	Benin	Netherlands
2021.6028299999998	United Kingdom	Netherlands
2021.6028299999998	Germany	Slovenia
2021.60284	Denmark	USA
2021.60285	Netherlands	USA
2021.60285	United Kingdom	Belgium
2021.60285	Germany	Sweden
2021.60285	Nigeria	Belgium
2021.60285	Morocco	USA
2021.60285	USA	Colombia
2021.60285	Zimbabwe	South Africa
2021.60285	Kenya	South Africa
2021.60285	United Kingdom	Switzerland
2021.60285	Denmark	Belgium
2021.60285	Reunion	France
2021.60285	Germany	Poland
2021.60285	Germany	Czech Republic
2021.60285	USA	Ghana
2021.60286	United Kingdom	Switzerland
2021.60286	United Kingdom	Turkey
2021.60286	USA	Mexico
2021.60286	Zimbabwe	South Africa
2021.60287	United Kingdom	Switzerland
2021.60287	United Kingdom	Finland
2021.60288	United Kingdom	Germany
2021.60288	United Kingdom	Poland
2021.60289	Denmark	Ghana
2021.60558	France	United Kingdom
2021.60558	France	United Kingdom
2021.60558	Denmark	Germany
2021.60559	Netherlands	Germany
2021.60559	Netherlands	Denmark
2021.60559	India	South Africa
2021.60559	Denmark	Bulgaria
2021.60559	Reunion	Germany
2021.60559	Switzerland	Germany
2021.60559	Germany	Denmark
2021.60559	Germany	Turkey
2021.60559	Germany	Finland
2021.60559	Spain	Germany
2021.6055999999999	India	Germany
2021.6055999999999	Germany	Seychelles
2021.6055999999999	Germany	Turkey
2021.6055999999999	Germany	Switzerland
2021.6055999999999	Germany	Belgium
2021.6055999999999	Spain	USA
2021.6055999999999	France	Germany
2021.6055999999999	France	Netherlands
2021.6055999999999	Togo	Republic of the Congo
2021.6055999999999	Lithuania	Denmark
2021.6056199999998	United Kingdom	Ireland
2021.6056299999998	South Africa	USA
2021.60753	Sweden	Denmark
2021.6083199999998	Portugal	Bulgaria
2021.6083199999998	United Kingdom	USA
2021.6083299999998	Liberia	USA
2021.6083299999998	Ghana	Seychelles
2021.6083299999998	Morocco	Netherlands
2021.6083299999998	Ireland	United Kingdom
2021.60834	India	Republic of the Congo
2021.60834	India	Norway
2021.60834	South Africa	Turkey
2021.60834	Uganda	Kenya
2021.60834	Germany	Croatia
2021.60834	Morocco	Netherlands
2021.60834	United Kingdom	USA
2021.60834	United Kingdom	Iceland
2021.60834	France	Netherlands
2021.60835	Germany	France
2021.60836	United Kingdom	Denmark
2021.61104	Germany	Norway
2021.61106	United Kingdom	Portugal
2021.61107	India	Germany
2021.61107	France	Belgium
2021.61107	France	Netherlands
2021.61107	Germany	Belgium
2021.61108	South Africa	Malaysia
2021.61108	Germany	France
2021.6110899999999	USA	Mexico
2021.6110899999999	Germany	Denmark
2021.6110899999999	Germany	Netherlands
2021.61113	South Africa	Kenya
2021.61358	Germany	Sweden
2021.6137899999999	Germany	Slovenia
2021.6137899999999	Denmark	France
2021.6137999999999	France	Slovenia
2021.6137999999999	USA	United Kingdom
2021.6137999999999	Spain	Belgium
2021.6137999999999	France	United Kingdom
2021.6137999999999	France	Switzerland
2021.6138099999998	Germany	Sweden
2021.6138099999998	United Kingdom	Bulgaria
2021.6138099999998	Spain	Italy
2021.6138099999998	Reunion	France
2021.6138099999998	France	Denmark
2021.6138099999998	Germany	Sweden
2021.6138099999998	Croatia	Germany
2021.6138199999998	Spain	Netherlands
2021.6138199999998	United Kingdom	Sweden
2021.6138199999998	Germany	Spain
2021.6138199999998	Germany	United Kingdom
2021.6138199999998	Nigeria	Brazil
2021.6138199999998	Zimbabwe	South Africa
2021.6138199999998	Germany	Reunion
2021.6138199999998	France	Poland
2021.61383	Germany	United Kingdom
2021.61383	Zambia	South Africa
2021.61383	Equatorial Guinea	Gabon
2021.61384	Zambia	Botswana
2021.61384	Denmark	Norway
2021.61384	United Kingdom	Portugal
2021.61459	Switzerland	Germany
2021.61576	Germany	Sweden
2021.61654	Germany	Turkey
2021.61654	South Africa	Germany
2021.61654	Germany	Portugal
2021.61654	Brazil	Morocco
2021.61654	United Kingdom	USA
2021.61655	Spain	Denmark
2021.61655	Germany	Netherlands
2021.61655	Denmark	Italy
2021.61655	Spain	Switzerland
2021.61655	France	Germany
2021.61655	Spain	Italy
2021.61655	India	Sweden
2021.61655	Denmark	Bulgaria
2021.61655	USA	Canada
2021.61655	USA	Chile
2021.61656	Netherlands	Czech Republic
2021.61656	Switzerland	Sweden
2021.61656	Germany	Croatia
2021.61656	Germany	France
2021.61656	Indonesia	Malaysia
2021.61656	Netherlands	France
2021.61656	Spain	France
2021.61656	Spain	Italy
2021.61656	France	Reunion
2021.61656	France	Reunion
2021.61657	Germany	Italy
2021.61657	Germany	Italy
2021.6165799999999	Zambia	Botswana
2021.61927	Germany	Switzerland
2021.61928	Denmark	Spain
2021.6192899999999	Namibia	South Africa
2021.6192899999999	Uganda	Rwanda
2021.6192899999999	India	Germany
2021.6192899999999	Denmark	Norway
2021.6192899999999	Zimbabwe	South Africa
2021.6192899999999	Zimbabwe	South Africa
2021.6192899999999	Turkey	South Africa
2021.6192899999999	India	South Africa
2021.6192899999999	Slovenia	France
2021.6192899999999	Ireland	USA
2021.6192899999999	Senegal	Morocco
2021.6192899999999	Benin	Denmark
2021.6192899999999	Lithuania	Denmark
2021.6192899999999	Bulgaria	Netherlands
2021.6192899999999	USA	Netherlands
2021.6192999999998	USA	Brazil
2021.6192999999998	Namibia	South Africa
2021.6192999999998	Germany	USA
2021.6192999999998	South Africa	Belgium
2021.6192999999998	Nigeria	United Kingdom
2021.6192999999998	Germany	United Kingdom
2021.6192999999998	Germany	Norway
2021.6193099999998	Ghana	France
2021.6193099999998	India	Morocco
2021.6193099999998	Mozambique	South Africa
2021.6193099999998	Nigeria	United Kingdom
2021.6193099999998	Uganda	Botswana
2021.61932	United Kingdom	Sweden
2021.61932	United Kingdom	Czech Republic
2021.61933	Kenya	Zambia
2021.61933	Bulgaria	United Kingdom
2021.62017	Spain	Ireland
2021.6220199999998	France	United Kingdom
2021.6220199999998	Germany	Denmark
2021.62203	Kenya	USA
2021.62203	USA	Germany
2021.62203	Netherlands	Denmark
2021.62203	United Kingdom	India
2021.62203	United Kingdom	USA
2021.62203	United Kingdom	USA
2021.62203	Angola	United Kingdom
2021.62203	France	United Kingdom
2021.62203	France	Germany
2021.62203	Switzerland	Seychelles
2021.62204	USA	Canada
2021.62204	Namibia	Botswana
2021.62204	Germany	Morocco
2021.62204	Iceland	Germany
2021.62204	South Africa	USA
2021.62204	USA	Lithuania
2021.62204	Netherlands	Bulgaria
2021.62204	Spain	Equatorial Guinea
2021.62204	United Kingdom	Denmark
2021.62204	Lithuania	Denmark
2021.62205	South Africa	Botswana
2021.62205	Australia	USA
2021.62205	France	United Kingdom
2021.62205	United Kingdom	Iceland
2021.62206	Germany	United Kingdom
2021.62207	South Africa	Botswana
2021.6220799999999	United Kingdom	Ireland
2021.6220899999998	South Africa	Botswana
2021.6236	Turkey	Kenya
2021.6245999999999	Germany	USA
2021.62475	France	Spain
2021.62476	USA	United Kingdom
2021.62476	USA	United Kingdom
2021.62476	France	Sweden
2021.62476	Germany	Italy
2021.62477	India	USA
2021.62477	Germany	USA
2021.62477	Spain	Netherlands
2021.62477	Germany	Romania
2021.62477	United Kingdom	India
2021.6247799999999	Germany	Denmark
2021.6247799999999	South Africa	Ghana
2021.6247799999999	France	Denmark
2021.6247799999999	USA	Canada
2021.6247799999999	Germany	Belgium
2021.6247799999999	United Kingdom	USA
2021.6247799999999	Germany	United Kingdom
2021.6247799999999	Spain	Equatorial Guinea
2021.6247799999999	France	Germany
2021.6247799999999	Netherlands	Aruba
2021.6247899999998	United Kingdom	Poland
2021.6249799999998	Ireland	USA
2021.6274999999998	Kenya	USA
2021.6274999999998	Germany	France
2021.6274999999998	United Kingdom	Norway
2021.6274999999998	France	Spain
2021.6275099999998	Germany	Austria
2021.6275099999998	Spain	France
2021.6275099999998	Spain	USA
2021.6275099999998	France	Spain
2021.6275099999998	France	Switzerland
2021.6275099999998	Germany	Austria
2021.62752	Malaysia	Singapore
2021.62752	Germany	Denmark
2021.62752	Germany	Denmark
2021.62752	Germany	Belgium
2021.62752	Germany	Italy
2021.62752	Reunion	United Kingdom
2021.62753	Malawi	South Africa
2021.62754	United Kingdom	Netherlands
2021.62754	United Kingdom	Sweden
2021.6285699999999	United Kingdom	USA
2021.62906	India	Sweden
2021.63024	France	Italy
2021.63024	USA	Canada
2021.63025	France	Bahrain
2021.63025	India	Kenya
2021.63025	India	United Kingdom
2021.63025	Morocco	Sweden
2021.63026	India	Kenya
2021.6302699999999	Germany	Denmark
2021.6302699999999	United Kingdom	Switzerland
2021.6302999999998	United Kingdom	Ireland
2021.6329799999999	Italy	United Kingdom
2021.6329799999999	Germany	Switzerland
2021.6329799999999	Belgium	Italy
2021.6329799999999	USA	Chile
2021.6329899999998	Russia	Seychelles
2021.6329899999998	Uganda	South Africa
2021.6329899999998	USA	Kenya
2021.6329899999998	Germany	Sweden
2021.6329899999998	France	Spain
2021.6329899999998	Germany	Switzerland
2021.6329899999998	Germany	Sweden
2021.6329899999998	Germany	Slovenia
2021.6329999999998	Morocco	Denmark
2021.6329999999998	Liberia	Morocco
2021.6329999999998	Germany	Denmark
2021.6329999999998	Germany	Switzerland
2021.6329999999998	Denmark	Germany
2021.6329999999998	USA	France
2021.6329999999998	France	Austria
2021.6329999999998	France	Lithuania
2021.63301	USA	Germany
2021.63301	Kenya	South Africa
2021.63302	Denmark	Sweden
2021.63302	United Kingdom	Denmark
2021.63303	United Kingdom	Poland
2021.6357099999998	United Kingdom	France
2021.63572	Indonesia	Papua New Guinea
2021.63572	Denmark	Switzerland
2021.63572	France	United Kingdom
2021.63572	Spain	France
2021.63572	Spain	Reunion
2021.63572	Canada	USA
2021.63573	Namibia	South Africa
2021.63573	Uganda	South Africa
2021.63573	Spain	Germany
2021.63573	France	Reunion
2021.63573	Spain	France
2021.63573	Switzerland	Reunion
2021.63573	Switzerland	Reunion
2021.63573	Switzerland	Guadeloupe
2021.63573	Croatia	Germany
2021.63574	Switzerland	Slovenia
2021.63574	Netherlands	France
2021.63574	Germany	Lithuania
2021.63574	France	Reunion
2021.63574	Mexico	USA
2021.63574	France	United Kingdom
2021.63575	USA	Chile
2021.63575	USA	Germany
2021.63575	Germany	Norway
2021.63575	Guinea	South Africa
2021.63575	Germany	Denmark
2021.63575	Germany	United Kingdom
2021.63575	Germany	Sweden
2021.63576	United Kingdom	Slovakia
2021.6357699999999	Uganda	Rwanda
2021.6357799999998	United Kingdom	Denmark
2021.6357799999998	Germany	Belgium
2021.6357799999998	United Kingdom	Reunion
2021.6362399999998	Poland	Norway
2021.6381299999998	France	Netherlands
2021.63845	Germany	Slovenia
2021.63846	Germany	Italy
2021.63846	Gambia	Germany
2021.63846	India	USA
2021.6384699999999	Morocco	Sweden
2021.6384699999999	India	Denmark
2021.6384699999999	Uganda	South Africa
2021.6384699999999	Uganda	Kenya
2021.6384699999999	Germany	Denmark
2021.6384699999999	United Kingdom	Switzerland
2021.6384799999998	Netherlands	Sweden
2021.6384799999998	Russia	Germany
2021.6384799999998	Germany	Sweden
2021.6384999999998	Germany	Denmark
2021.6395499999999	South Sudan	Botswana
2021.6410999999998	Uganda	Botswana
2021.6411899999998	Denmark	Canada
2021.6411999999998	France	Czech Republic
2021.64121	India	USA
2021.64121	Netherlands	Belgium
2021.64121	Ethiopia	USA
2021.64121	Uganda	South Africa
2021.64121	Turkey	Australia
2021.64121	Germany	Norway
2021.64121	France	Sweden
2021.64121	Sweden	Ireland
2021.64121	United Kingdom	Ireland
2021.64122	India	Belgium
2021.64122	Zimbabwe	Kenya
2021.64122	Nigeria	South Africa
2021.64122	Belgium	Germany
2021.64122	USA	Turkey
2021.64122	United Kingdom	Germany
2021.64124	South Africa	Botswana
2021.64393	Denmark	Belgium
2021.64394	United Kingdom	Italy
2021.64394	Netherlands	Poland
2021.64394	Germany	Switzerland
2021.64395	South Africa	Sweden
2021.64395	India	South Africa
2021.64395	Germany	France
2021.64395	South Africa	Botswana
2021.64395	Spain	Italy
2021.64395	Gambia	Gabon
2021.64395	France	Spain
2021.6439599999999	USA	Mexico
2021.6439599999999	Germany	Poland
2021.6439599999999	France	Italy
2021.6439599999999	Germany	Italy
2021.6439599999999	Australia	USA
2021.6439599999999	India	South Africa
2021.6439599999999	USA	Canada
2021.6439699999999	Uganda	Morocco
2021.6439699999999	Switzerland	Germany
2021.6439699999999	Germany	Norway
2021.6439699999999	Germany	United Kingdom
2021.6439799999998	United Kingdom	Ireland
2021.6439799999998	United Kingdom	Sweden
2021.6456899999998	South Africa	Botswana
2021.6466799999998	Denmark	Germany
2021.6466899999998	USA	Colombia
2021.6466899999998	Denmark	Ghana
2021.6466899999998	Germany	Switzerland
2021.6466899999998	France	Belgium
2021.6466899999998	Germany	USA
2021.6466899999998	Germany	Belgium
2021.6467	Kenya	Egypt
2021.6467	Denmark	Poland
2021.6467	Sweden	Germany
2021.6467	Germany	USA
2021.6467	Germany	Austria
2021.6467	Germany	Denmark
2021.64943	Germany	Ghana
2021.64943	Morocco	United Kingdom
2021.64943	United Kingdom	Norway
2021.64944	USA	Mexico
2021.64944	Netherlands	Denmark
2021.64945	Denmark	Switzerland
2021.6494599999999	Germany	Sweden
2021.6494599999999	United Kingdom	Portugal
2021.65132	United Kingdom	South Africa
2021.6521599999999	Indonesia	Sweden
2021.6521599999999	France	Germany
2021.6521599999999	France	Germany
2021.6521599999999	Denmark	Ireland
2021.6521599999999	Brazil	Chile
2021.6521699999998	Germany	Sweden
2021.6521699999998	Germany	Norway
2021.6521699999998	Germany	Switzerland
2021.6521699999998	Ghana	Sweden
2021.6521699999998	Germany	Turkey
2021.6521699999998	Bulgaria	Germany
2021.6521699999998	Germany	Denmark
2021.6521699999998	USA	Canada
2021.6521799999998	United Kingdom	Germany
2021.6521799999998	Italy	Germany
2021.6521799999998	France	Italy
2021.6521799999998	USA	Mexico
2021.6521799999998	Switzerland	Germany
2021.6521799999998	Germany	Poland
2021.6521799999998	USA	South Africa
2021.6521899999998	Mozambique	South Africa
2021.6521899999998	France	Germany
2021.6522	Zimbabwe	Kenya
2021.65221	United Kingdom	Germany
2021.65221	Denmark	Germany
2021.6548799999998	United Kingdom	Reunion
2021.6548899999998	Germany	Reunion
2021.6549	Botswana	South Africa
2021.6549	Kenya	Norway
2021.6549	Switzerland	Sweden
2021.6549	Germany	USA
2021.6549	United Kingdom	USA
2021.6549	United Kingdom	Sweden
2021.6549	Canada	USA
2021.65491	India	USA
2021.65491	India	South Africa
2021.65491	Netherlands	USA
2021.65491	Sweden	France
2021.65491	India	USA
2021.65491	Nigeria	Ghana
2021.65491	Uganda	Kenya
2021.65491	Germany	France
2021.65491	United Kingdom	Reunion
2021.65491	Morocco	Netherlands
2021.65491	Spain	Portugal
2021.65492	France	Spain
2021.65492	France	Reunion
2021.65493	Ghana	France
2021.65493	South Africa	Botswana
2021.65493	Malawi	South Africa
2021.65493	United Kingdom	USA
2021.65494	Uganda	Kenya
2021.65494	Ireland	Slovakia
2021.6549599999998	United Kingdom	Germany
2021.6549699999998	United Kingdom	Netherlands
2021.6549799999998	Nigeria	France
2021.65764	Thailand	Cambodia
2021.65764	France	Netherlands
2021.65764	Gambia	Switzerland
2021.65764	Togo	Ghana
2021.6576499999999	Ghana	Sierra Leone
2021.6576499999999	Botswana	Germany
2021.6576499999999	Kenya	South Africa
2021.6576499999999	France	Germany
2021.6576499999999	Germany	Switzerland
2021.6576499999999	France	Germany
2021.6576499999999	USA	Canada
2021.6576599999999	South Africa	Nigeria
2021.6576599999999	France	Switzerland
2021.6576599999999	Nigeria	Ghana
2021.6576599999999	Uganda	Kenya
2021.6576599999999	Algeria	France
2021.6576599999999	Zimbabwe	South Africa
2021.6576599999999	France	United Kingdom
2021.6576699999998	Germany	Italy
2021.6576699999998	Germany	Denmark
2021.6576699999998	Equatorial Guinea	Norway
2021.6576699999998	United Kingdom	Poland
2021.6576699999998	United Kingdom	Germany
2021.6576799999998	United Kingdom	Switzerland
2021.6576799999998	Norway	United Kingdom
2021.6603699999998	France	Germany
2021.6603699999998	United Kingdom	Poland
2021.6603799999998	Denmark	United Kingdom
2021.6603799999998	Denmark	Spain
2021.6603799999998	United Kingdom	USA
2021.66039	Spain	Poland
2021.66039	Denmark	Belgium
2021.66039	Germany	Austria
2021.6604	Morocco	Germany
2021.6604	USA	Mexico
2021.6604	Namibia	South Africa
2021.6604	Democratic Republic of the Congo	Republic of the Congo
2021.6604	Germany	Sweden
2021.6604	Kenya	Botswana
2021.6604	Switzerland	Germany
2021.66042	United Kingdom	Czech Republic
2021.66043	South Africa	Botswana
2021.66043	United Kingdom	Ireland
2021.66043	Sweden	Germany
2021.66086	Poland	Denmark
2021.6631	Denmark	Germany
2021.66311	Sweden	Slovakia
2021.66311	India	South Africa
2021.66312	Czech Republic	Germany
2021.66312	South Africa	USA
2021.66312	France	Spain
2021.66312	Germany	Turkey
2021.66313	Germany	United Kingdom
2021.66313	Germany	Switzerland
2021.66313	India	Turkey
2021.66313	Zimbabwe	South Africa
2021.66313	Morocco	Germany
2021.66313	France	Sweden
2021.66313	France	Sweden
2021.66313	United Kingdom	France
2021.6631399999999	USA	Poland
2021.6631399999999	USA	Mexico
2021.6631499999999	Germany	France
2021.6631499999999	South Africa	Botswana
2021.6631499999999	France	Germany
2021.6631499999999	United Kingdom	Sweden
2021.66548	Germany	Reunion
2021.6658599999998	Denmark	Switzerland
2021.6658599999998	France	Germany
2021.6658599999998	USA	Chile
2021.6658699999998	USA	Belgium
2021.6658699999998	Switzerland	Germany
2021.66588	Denmark	Switzerland
2021.66588	France	Reunion
2021.66588	Germany	Denmark
2021.66589	United Kingdom	Switzerland
2021.6659	United Kingdom	Spain
2021.6686	Germany	Denmark
2021.6686	United Kingdom	Italy
2021.66861	Denmark	Sweden
2021.66861	Germany	Switzerland
2021.66861	Ghana	Germany
2021.66861	Ethiopia	Netherlands
2021.66862	Germany	USA
2021.67133	Denmark	Switzerland
2021.67133	France	Italy
2021.67133	Germany	United Kingdom
2021.6713399999999	Germany	USA
2021.6713399999999	France	United Kingdom
2021.6713399999999	France	Denmark
2021.6713399999999	Canada	USA
2021.6713499999998	India	Thailand
2021.6713499999998	Germany	Sweden
2021.6713499999998	Spain	Switzerland
2021.6713499999998	France	Germany
2021.6713499999998	USA	Mexico
2021.6713499999998	Germany	Austria
2021.6713499999998	Spain	Brazil
2021.6713599999998	Denmark	Sweden
2021.6713599999998	Uganda	Norway
2021.6713599999998	Germany	Switzerland
2021.6713599999998	Germany	Denmark
2021.6713699999998	South Africa	United Kingdom
2021.6713699999998	Reunion	Germany
2021.6713699999998	United Kingdom	Portugal
2021.6713699999998	United Kingdom	Germany
2021.67138	United Kingdom	Spain
2021.6740699999998	Denmark	Germany
2021.6740699999998	France	Spain
2021.6740699999998	Germany	Switzerland
2021.6740699999998	Germany	Slovakia
2021.67408	Zambia	Kenya
2021.67408	United Kingdom	South Africa
2021.67408	Turkey	Germany
2021.67408	France	Belgium
2021.67408	Denmark	Sweden
2021.67408	Germany	Denmark
2021.67408	Belgium	Reunion
2021.67408	Germany	Kenya
2021.67408	USA	Portugal
2021.67409	India	South Africa
2021.67409	Germany	Romania
2021.67409	Denmark	France
2021.67409	Germany	Netherlands
2021.67409	Nigeria	Ghana
2021.67409	Nigeria	Germany
2021.67409	Uganda	South Africa
2021.67409	Uganda	Kenya
2021.67409	Germany	Belgium
2021.67409	Germany	France
2021.67409	France	Sweden
2021.6741	Germany	Switzerland
2021.6741	Nigeria	Ghana
2021.6741	Denmark	Germany
2021.6741	United Kingdom	Switzerland
2021.6741	United Kingdom	Ghana
2021.6741	Germany	Sweden
2021.67411	Ethiopia	Sweden
2021.67411	Botswana	Austria
2021.67411	Switzerland	Germany
2021.67411	United Kingdom	Reunion
2021.67411	United Kingdom	Germany
2021.67411	United Kingdom	Czech Republic
2021.67411	Germany	Sweden
2021.6741299999999	United Kingdom	Reunion
2021.67681	Denmark	Canada
2021.67681	South Africa	United Kingdom
2021.67681	South Africa	United Kingdom
2021.67681	France	Netherlands
2021.67681	Denmark	France
2021.67681	France	Germany
2021.67681	France	Austria
2021.67681	USA	Canada
2021.67681	United Kingdom	France
2021.67682	Switzerland	Sweden
2021.67682	Sweden	Denmark
2021.67682	France	Germany
2021.67682	Spain	Germany
2021.67682	Germany	Netherlands
2021.67682	India	Switzerland
2021.67682	United Kingdom	Ireland
2021.67682	USA	Canada
2021.6768299999999	Algeria	France
2021.6768299999999	Zambia	South Africa
2021.6768299999999	Germany	Sweden
2021.6768299999999	USA	Canada
2021.6768399999999	Russia	United Kingdom
2021.6768399999999	Switzerland	Austria
2021.6768399999999	Germany	Sweden
2021.6768399999999	Reunion	France
2021.6768399999999	Austria	Italy
2021.6768499999998	Denmark	Sweden
2021.6768599999998	Denmark	Norway
2021.6768599999998	United Kingdom	Italy
2021.67689	United Kingdom	Denmark
2021.6795499999998	Denmark	Switzerland
2021.6795499999998	Germany	Netherlands
2021.6795599999998	Germany	Sweden
2021.6795599999998	Germany	Netherlands
2021.6795599999998	Netherlands	Belgium
2021.6795599999998	Germany	Switzerland
2021.67957	Uganda	Botswana
2021.67957	United Kingdom	Norway
2021.67957	Netherlands	Germany
2021.67957	USA	Germany
2021.67957	United Kingdom	Poland
2021.67958	France	Germany
2021.67958	Germany	Denmark
2021.67959	Germany	Denmark
2021.67959	Denmark	Poland
2021.67961	United Kingdom	Ireland
2021.68229	United Kingdom	Belgium
2021.68229	USA	United Kingdom
2021.6823	France	United Kingdom
2021.6823	Denmark	Netherlands
2021.68231	Netherlands	Curacao
2021.68231	India	United Kingdom
2021.68232	Germany	Denmark
2021.6850499999998	Iceland	Ireland
2021.6850599999998	Spain	Germany
2021.6877499999998	Spain	Portugal
2021.68778	France	Ireland
2021.68778	Germany	Switzerland
2021.68778	Croatia	Switzerland
2021.68779	Germany	Denmark
2021.68779	Morocco	Netherlands
2021.68779	France	Reunion
2021.6878	South Africa	Botswana
2021.6878	South Africa	United Kingdom
2021.6878	France	Reunion
2021.69051	Germany	Turkey
2021.69051	United Kingdom	USA
2021.6905199999999	Spain	Germany
2021.6905199999999	Morocco	Belgium
2021.6905199999999	Germany	Turkey
2021.6905199999999	France	Reunion
2021.6905199999999	Germany	United Kingdom
2021.6905199999999	Germany	Sweden
2021.6905299999999	Germany	Denmark
2021.6905299999999	Netherlands	Germany
2021.6905299999999	Germany	Mexico
2021.6905299999999	France	Germany
2021.6905299999999	Spain	Germany
2021.6905299999999	United Kingdom	Reunion
2021.6905299999999	Switzerland	Belgium
2021.6905399999998	Germany	Netherlands
2021.6905399999998	United Kingdom	Portugal
2021.69056	Denmark	Sweden
2021.69057	Germany	Netherlands
2021.6932499999998	Denmark	Reunion
2021.6932499999998	Reunion	Mayotte
2021.69326	India	Reunion
2021.69326	Germany	France
2021.69327	South Africa	Botswana
2021.69327	Spain	Switzerland
2021.69327	Belgium	Netherlands
2021.69327	France	Reunion
2021.69327	France	Denmark
2021.69327	France	Portugal
2021.69327	USA	Reunion
2021.69327	Croatia	Germany
2021.69328	United Kingdom	Reunion
2021.69328	Germany	Switzerland
2021.69328	Netherlands	Reunion
2021.69328	Spain	Reunion
2021.69328	United Kingdom	Germany
2021.69328	United Kingdom	Germany
2021.69328	United Kingdom	Ireland
2021.6933	Kenya	Botswana
2021.69599	USA	Chile
2021.696	India	Romania
2021.696	France	Belgium
2021.69601	Germany	Lithuania
2021.69601	Netherlands	Germany
2021.6960399999998	Kenya	South Africa
2021.6960399999998	United Kingdom	Romania
2021.6987299999998	United Kingdom	Denmark
2021.6987399999998	Thailand	Germany
2021.6987399999998	Finland	Italy
2021.6987399999998	Poland	Germany
2021.6987399999998	Sweden	Germany
2021.6987399999998	USA	Mexico
2021.6987399999998	Belgium	Germany
2021.6987399999998	Germany	Poland
2021.6987499999998	Germany	Switzerland
2021.6987499999998	France	Italy
2021.69876	Germany	Sint Maarten
2021.69876	Germany	Poland
2021.69876	Germany	Italy
2021.70147	USA	United Kingdom
2021.70148	Ghana	Belgium
2021.70149	Germany	Lithuania
2021.70149	USA	Mexico
2021.70149	Germany	Denmark
2021.70149	Denmark	Poland
2021.70149	Switzerland	Germany
2021.7015	United Kingdom	Germany
2021.7015099999999	South Africa	Botswana
2021.7015099999999	Spain	United Kingdom
2021.7015199999998	Germany	Italy
2021.7025099999998	United Kingdom	Denmark
2021.7042299999998	USA	Germany
2021.7042299999998	India	Botswana
2021.7042299999998	Morocco	Spain
2021.7042299999998	Netherlands	Germany
2021.7042299999998	United Kingdom	Reunion
2021.70695	India	United Kingdom
2021.70696	France	United Kingdom
2021.70696	Gambia	United Kingdom
2021.70697	Germany	United Kingdom
2021.70697	Netherlands	United Kingdom
2021.70969	United Kingdom	Germany
2021.7096999999999	France	United Kingdom
2021.7096999999999	Denmark	Switzerland
2021.7097099999999	Germany	Italy
2021.7097099999999	Germany	Switzerland
2021.7097099999999	Uganda	Norway
2021.7097099999999	Spain	Denmark
2021.7097199999998	USA	Mexico
2021.7097199999998	Germany	United Kingdom
2021.7124299999998	Reunion	Mayotte
2021.7124299999998	United Kingdom	Italy
2021.71245	France	Italy
2021.71245	France	Spain
2021.71247	United Kingdom	Germany
2021.71248	United Kingdom	Germany
2021.71517	Germany	Denmark
2021.71517	United Kingdom	USA
2021.71518	Germany	Italy
2021.71519	Ethiopia	Germany
2021.71519	Germany	Denmark
2021.7151999999999	Canada	USA
2021.7179199999998	United Kingdom	Germany
2021.7179199999998	France	Denmark
2021.7179199999998	Germany	Denmark
2021.7179199999998	Germany	Poland
2021.7179299999998	Morocco	Denmark
2021.7179299999998	Senegal	Gabon
2021.71794	Nigeria	Germany
2021.71794	United Kingdom	Germany
2021.71796	United Kingdom	Denmark
2021.72065	France	Denmark
2021.72066	Ghana	United Kingdom
2021.72067	United Kingdom	Italy
2021.72067	Germany	Italy
2021.7233999999999	Nigeria	United Kingdom
2021.7233999999999	USA	Italy
2021.7233999999999	United Kingdom	Italy
2021.7288899999999	United Kingdom	Reunion
2021.7288999999998	Germany	Italy
2021.759	Germany	Italy